Class,GO_Name,GO_ID,GO_Level,P_value,EnrichmentScore,HitsGenesCountsInSelectedSet,HitsGenesCountsInBackground,AllGenesCountsInSelectedSet,AllGenesCountsInBackground,GenesOfSelectedSetInGOterm,corrected p-value(BH method)
Molecular function,RNA binding,GO:0003723,5,4.33E-15,3.996167581,37,89,258,2480,"rplR,rplT,rplN,rplW,rplY,rplB,rplE,srmB,prfA,rplM,rplF,pnp,csrA,deaD,cspA,infB,infA,infC,rpsI,rpsF,rpsG,rpsR,rpsQ,rpsT,rpsO,rpsA,rpsD,rho,fusA,acnA,acnB,yeiP,truB,rne,yciH,tsf,efp,",2.65E-12
Molecular function,structural constituent of ribosome,GO:0003735,3,2.21E-14,4.893587033,28,55,258,2480,"rpmG,rplR,rplU,rplT,rplN,rplW,rplY,rplC,rplB,rplE,rplJ,rplM,rplF,rpsJ,rpsI,rpsF,rpsE,rpsG,rpsR,rpsQ,rpsT,rpsM,rpsP,rpsO,rpsA,rpsD,rpsC,rpsU,",6.75E-12
Molecular function,structural molecule activity,GO:0005198,2,6.36E-13,4.412250604,28,61,258,2480,"rpmG,rplR,rplU,rplT,rplN,rplW,rplY,rplC,rplB,rplE,rplJ,rplM,rplF,rpsJ,rpsI,rpsF,rpsE,rpsG,rpsR,rpsQ,rpsT,rpsM,rpsP,rpsO,rpsA,rpsD,rpsC,rpsU,",1.29E-10
Molecular function,binding,GO:0005488,2,1.82E-10,1.348979883,183,1304,258,2480,"minE,arcA,msrB,nusA,sspA,yqjD,hmp,fabI,wrbA,aceF,aceE,rplR,rplT,gpmI,rplN,sucA,ahpC,nfuA,frdA,ppsA,gapA,katG,rplW,secY,rplY,rplB,rplE,srmB,clpP,rplJ,prfA,rplM,hns,rplF,pnp,aceA,fdhE,gltX,dnaK,dnaJ,tpiA,gmk,rpoA,gcvP,lacI,csrA,gnd,pckA,dxs,rbsB,deaD,artI,rbsA,cspA,ompR,uxuA,suhB,gor,tig,greA,gatD,ibpA,pepN,adk,miaB,infB,prs,infA,infC,fumA,pheT,potD,glyA,pepD,ileS,ilvD,rpsI,rpsF,grxC,rpsG,grxD,rpsR,rpsQ,rpsT,pykA,iscS,iscU,rpsP,rpsO,lpdA,rpsA,rpsD,sdhA,trpB,eno,gshA,rho,rbfA,cysK,zapA,tomB,yjdC,glnB,engB,fusA,yrdA,cysS,acnA,acnB,menE,glmU,dapB,maeB,putA,frr,yeiP,tktA,upp,nirB,narL,maa,tatB,alaS,raiA,nemA,truB,rfbB,valS,dps,gloA,panC,cydB,asnS,bepA,kdsB,fdx,proX,fur,rpiA,aroG,nuoB,murD,pdxB,sodC,phoQ,sodB,fbaA,pfkA,pfkB,acrA,hslO,dhaL,dhaK,eda,ftsZ,arnB,aspC,rne,glpK,yciH,ftsH,cmoB,glpQ,udp,gltA,tsf,serS,surA,tnaA,uup,htpG,clpB,kdgR,bamE,bamC,crp,pdxY,pyrG,pyrH,efp,galS,seqA,trxB,",2.77E-08
Molecular function,"ligase activity, forming carbon-oxygen bonds",GO:0016875,4,7.44E-10,6.408268734,14,21,258,2480,"gltX,argS,glyS,pheT,ileS,trpS,cysS,hisS,tyrS,alaS,valS,proS,asnS,serS,",9.09E-08
Molecular function,aminoacyl-tRNA ligase activity,GO:0004812,6,7.44E-10,6.408268734,14,21,258,2480,"gltX,argS,glyS,pheT,ileS,trpS,cysS,hisS,tyrS,alaS,valS,proS,asnS,serS,",9.09E-08
Molecular function,mRNA binding,GO:0003729,6,3.27E-08,6.070991432,12,19,258,2480,"rplT,rplM,pnp,csrA,rpsF,rpsG,rpsR,rpsA,rpsD,acnA,acnB,yciH,",2.85E-06
Molecular function,rRNA binding,GO:0019843,6,3.81E-08,5.175909362,14,26,258,2480,"rplR,rplT,rplN,rplY,rplE,rplM,rplF,rpsF,rpsG,rpsR,rpsQ,rpsT,rpsO,rpsD,",2.91E-06
Molecular function,"translation regulator activity, nucleic acid binding",GO:0090079,5,2.07E-07,5.874246339,11,18,258,2480,"rplT,prfA,infB,infA,infC,rpsD,fusA,yeiP,yciH,tsf,efp,",1.40E-05
Molecular function,translation regulator activity,GO:0045182,2,9.00E-07,5.286821705,11,20,258,2480,"rplT,prfA,infB,infA,infC,rpsD,fusA,yeiP,yciH,tsf,efp,",5.50E-05
Molecular function,"translation factor activity, RNA binding",GO:0008135,6,1.57E-06,6.179401993,9,14,258,2480,"prfA,infB,infA,infC,fusA,yeiP,yciH,tsf,efp,",8.70E-05
Molecular function,identical protein binding,GO:0042802,4,3.61E-06,1.61683278,73,434,258,2480,"minE,arcA,fabI,wrbA,aceE,sucA,ahpC,katG,clpP,hns,pnp,tpiA,gmk,gcvP,lacI,gnd,tig,gatD,ibpA,pepN,fumA,pheT,glyA,pykA,iscU,lpdA,trpB,eno,rho,zapA,glnB,yrdA,menE,glmU,dapB,putA,upp,maa,tatB,alaS,rfbB,dps,panC,rpiA,aroG,murD,phoQ,fbaA,pfkA,pfkB,acrA,hslO,dhaK,eda,ftsZ,aspC,rne,glpK,cmoB,udp,gltA,serS,tnaA,htpG,clpB,bamE,bamC,crp,pdxY,pyrG,pyrH,galS,seqA,",1.84E-04
Molecular function,ligase activity,GO:0016874,3,3.90E-06,2.583979328,25,93,258,2480,"sucC,gltX,argS,glyS,pheT,ileS,trpS,purA,gshA,cysS,menE,hisS,tyrS,alaS,valS,atpA,atpD,atpC,panC,proS,asnS,murD,serS,accB,pyrG,",1.83E-04
Molecular function,protein binding,GO:0005515,3,4.96E-06,1.55666447,80,494,258,2480,"minE,arcA,nusA,sspA,fabI,wrbA,aceE,sucA,ahpC,katG,clpP,hns,pnp,dnaK,dnaJ,tpiA,gmk,gcvP,lacI,gnd,tig,greA,gatD,ibpA,pepN,fumA,pheT,glyA,pykA,iscU,lpdA,trpB,eno,rho,zapA,glnB,yrdA,menE,glmU,dapB,putA,upp,maa,tatB,alaS,rfbB,dps,panC,rpiA,aroG,murD,phoQ,fbaA,pfkA,pfkB,acrA,hslO,dhaK,eda,ftsZ,aspC,rne,glpK,cmoB,udp,gltA,tsf,serS,surA,tnaA,htpG,clpB,bamE,bamC,crp,pdxY,pyrG,pyrH,galS,seqA,",2.17E-04
Molecular function,nucleic acid binding,GO:0003676,4,1.07E-04,1.622475683,53,314,258,2480,"arcA,rplR,rplT,rplN,rplW,rplY,rplB,rplE,srmB,prfA,rplM,hns,rplF,pnp,lacI,csrA,deaD,cspA,ompR,infB,infA,infC,rpsI,rpsF,rpsG,rpsR,rpsQ,rpsT,rpsP,rpsO,rpsA,rpsD,rho,tomB,yjdC,fusA,acnA,acnB,putA,yeiP,narL,truB,dps,fur,rne,yciH,tsf,uup,kdgR,crp,efp,galS,seqA,",0.004342121
Molecular function,"oxidoreductase activity, acting on a sulfur group of donors",GO:0016667,4,1.13E-04,3.124031008,13,40,258,2480,"msrB,hmp,ahpC,dnaJ,yghU,bcp,gor,grxB,grxC,lpdA,dsbC,cysH,trxB,",0.004309788
Molecular function,ribosome binding,GO:0043022,5,1.58E-04,3.204134367,12,36,258,2480,"yqjD,rplJ,prfA,tig,infB,infA,infC,rbfA,frr,raiA,yciH,efp,",0.005378349
Molecular function,heterocyclic compound binding,GO:1901363,3,1.70E-04,1.377525484,91,635,258,2480,"arcA,hmp,wrbA,aceF,aceE,rplR,rplT,rplN,sucA,frdA,gapA,katG,rplW,rplY,rplB,rplE,srmB,prfA,rplM,hns,rplF,pnp,dnaK,lacI,csrA,dxs,deaD,rbsA,cspA,ompR,gor,adk,infB,infA,infC,glyA,rpsI,rpsF,rpsG,rpsR,rpsQ,rpsT,iscS,rpsP,rpsO,lpdA,rpsA,rpsD,sdhA,trpB,rho,cysK,tomB,yjdC,glnB,engB,fusA,cysS,acnA,acnB,putA,yeiP,tktA,nirB,narL,nemA,truB,dps,cydB,asnS,fur,pdxB,pfkA,dhaL,ftsZ,arnB,aspC,rne,yciH,ftsH,tsf,tnaA,uup,clpB,kdgR,crp,pdxY,efp,galS,seqA,trxB,",0.005472865
Molecular function,organic cyclic compound binding,GO:0097159,3,1.70E-04,1.377525484,91,635,258,2480,"arcA,hmp,wrbA,aceF,aceE,rplR,rplT,rplN,sucA,frdA,gapA,katG,rplW,rplY,rplB,rplE,srmB,prfA,rplM,hns,rplF,pnp,dnaK,lacI,csrA,dxs,deaD,rbsA,cspA,ompR,gor,adk,infB,infA,infC,glyA,rpsI,rpsF,rpsG,rpsR,rpsQ,rpsT,iscS,rpsP,rpsO,lpdA,rpsA,rpsD,sdhA,trpB,rho,cysK,tomB,yjdC,glnB,engB,fusA,cysS,acnA,acnB,putA,yeiP,tktA,nirB,narL,nemA,truB,dps,cydB,asnS,fur,pdxB,pfkA,dhaL,ftsZ,arnB,aspC,rne,yciH,ftsH,tsf,tnaA,uup,clpB,kdgR,crp,pdxY,efp,galS,seqA,trxB,",0.005472865
Molecular function,cation binding,GO:0043169,4,1.99E-04,1.529825427,60,377,258,2480,"msrB,aceE,gpmI,sucA,ppsA,rplB,rplM,aceA,fdhE,gltX,dnaK,dnaJ,rpoA,pckA,dxs,artI,uxuA,suhB,gatD,pepN,adk,prs,potD,glyA,pepD,ileS,iscU,lpdA,eno,gshA,yrdA,cysS,acnA,glmU,maeB,tktA,alaS,valS,dps,gloA,bepA,kdsB,fur,sodC,phoQ,sodB,fbaA,pfkA,pfkB,hslO,dhaL,rne,glpK,ftsH,glpQ,udp,tsf,serS,tnaA,pdxY,",0.005784911
Molecular function,antioxidant activity,GO:0016209,2,2.13E-04,4.272179156,8,18,258,2480,"ahpC,katG,bcp,osmC,gor,sodC,sodB,trxB,",0.005916248
Molecular function,ribonucleoprotein complex binding,GO:0043021,4,2.13E-04,3.117536141,12,37,258,2480,"yqjD,rplJ,prfA,tig,infB,infA,infC,rbfA,frr,raiA,yciH,efp,",0.00566105
Molecular function,"catalytic activity, acting on a tRNA",GO:0140101,5,3.09E-04,2.621564482,15,55,258,2480,"gltX,argS,glyS,pheT,ileS,trpS,mnmA,cysS,hisS,tyrS,alaS,valS,proS,asnS,serS,",0.007865336
Molecular function,zinc ion binding,GO:0008270,7,3.15E-04,2.105574013,23,105,258,2480,"msrB,rplB,rplM,gltX,dnaK,dnaJ,rpoA,gatD,pepN,glyA,pepD,ileS,lpdA,yrdA,cysS,alaS,fur,sodC,fbaA,hslO,glpK,ftsH,tsf,",0.007686658
Molecular function,disulfide oxidoreductase activity,GO:0015036,5,3.35E-04,4.047327621,8,19,258,2480,"dnaJ,yghU,gor,grxB,grxC,lpdA,dsbC,trxB,",0.007877101
Molecular function,protein-containing complex binding,GO:0044877,3,4.82E-04,2.88372093,12,40,258,2480,"yqjD,rplJ,prfA,tig,infB,infA,infC,rbfA,frr,raiA,yciH,efp,",0.010917612
Molecular function,metal ion binding,GO:0046872,5,5.49E-04,1.503616127,56,358,258,2480,"msrB,aceE,gpmI,sucA,ppsA,rplB,rplM,fdhE,gltX,dnaK,dnaJ,rpoA,pckA,uxuA,suhB,gatD,pepN,adk,prs,glyA,pepD,ileS,iscU,lpdA,eno,gshA,yrdA,cysS,acnA,glmU,maeB,tktA,alaS,valS,dps,gloA,bepA,kdsB,fur,sodC,phoQ,sodB,fbaA,pfkA,pfkB,hslO,dhaL,rne,glpK,ftsH,glpQ,udp,tsf,serS,tnaA,pdxY,",0.011568878
Molecular function,ribosomal small subunit binding,GO:0043024,6,6.44E-04,4.80620155,6,12,258,2480,"yqjD,infB,infC,rbfA,raiA,yciH,",0.01311596
Molecular function,"catalytic activity, acting on RNA",GO:0140098,4,0.00219924,1.816517121,24,127,258,2480,"srmB,pnp,gltX,rpoB,rpoA,rpoC,deaD,argS,glyS,pheT,ileS,trpS,mnmA,cysS,hisS,rsmG,tyrS,alaS,valS,proS,asnS,rne,rnr,serS,",0.037325989
Molecular function,nucleobase-containing compound kinase activity,GO:0019205,6,0.00319707,4.369274137,5,11,258,2480,"gmk,adk,tmk,upp,pyrH,",0.052794854
Molecular function,quaternary ammonium group binding,GO:0050997,3,0.00319707,4.369274137,5,11,258,2480,"aceE,sucA,dxs,tktA,proX,",0.052794854
Molecular function,ion binding,GO:0043167,3,0.003237524,1.286699628,85,635,258,2480,"msrB,hmp,wrbA,aceF,aceE,gpmI,sucA,frdA,ppsA,rplB,rplM,pnp,aceA,fdhE,gltX,dnaK,dnaJ,rpoA,pckA,dxs,artI,rbsA,uxuA,suhB,gor,gatD,pepN,adk,infB,prs,potD,glyA,pepD,ileS,grxC,iscS,iscU,lpdA,sdhA,trpB,eno,gshA,cysK,glnB,engB,yrdA,cysS,acnA,glmU,maeB,putA,tktA,nirB,alaS,nemA,valS,dps,gloA,asnS,bepA,kdsB,fur,sodC,phoQ,sodB,fbaA,pfkA,pfkB,hslO,dhaL,ftsZ,arnB,aspC,rne,glpK,ftsH,glpQ,udp,tsf,serS,tnaA,clpB,crp,pdxY,trxB,",0.050721209
Molecular function,protein-disulfide reductase activity,GO:0015035,6,0.007475722,3.697078116,5,13,258,2480,"dnaJ,gor,grxB,grxC,dsbC,",0.106224794
Molecular function,DNA-binding transcription repressor activity,GO:0001217,4,0.011535463,2.480620155,8,31,258,2480,"arcA,hns,lacI,ompR,putA,narL,alaS,fur,",0.130521624
Molecular function,transition metal ion binding,GO:0046914,6,0.012362707,1.468561585,33,216,258,2480,"msrB,gpmI,rplB,rplM,fdhE,gltX,dnaK,dnaJ,rpoA,uxuA,gatD,pepN,glyA,pepD,ileS,iscU,lpdA,yrdA,cysS,acnA,maeB,tktA,alaS,dps,gloA,fur,sodC,sodB,fbaA,hslO,glpK,ftsH,tsf,",0.137338439
Molecular function,obsolete coenzyme binding,GO:0050662,0,0.014039232,1.542731362,26,162,258,2480,"hmp,wrbA,aceF,aceE,sucA,frdA,gapA,dxs,gor,glyA,iscS,lpdA,sdhA,trpB,cysK,putA,tktA,nirB,nemA,rfbB,pdxB,arnB,aspC,tnaA,pdxY,trxB,",0.153178049
Molecular function,obsolete cofactor binding,GO:0048037,0,0.018708538,1.378248974,39,272,258,2480,"hmp,wrbA,aceF,aceE,sucA,nfuA,frdA,gapA,katG,dxs,gor,miaB,fumA,glyA,ilvD,grxC,grxD,iscS,iscU,lpdA,sdhA,trpB,cysK,acnA,acnB,putA,tktA,nirB,nemA,rfbB,cydB,fdx,nuoB,pdxB,arnB,aspC,tnaA,pdxY,trxB,",0.187392073
Molecular function,"oxidoreductase activity, acting on a sulfur group of donors, disulfide as acceptor",GO:0016671,5,0.019549254,3.003875969,5,16,258,2480,"msrB,hmp,ahpC,bcp,cysH,",0.192654742
Molecular function,oxidoreductase activity,GO:0016491,3,0.024709894,1.318774816,45,328,258,2480,"msrB,hmp,fabI,wrbA,aceE,sucA,ahpC,frdA,gapA,katG,dnaJ,yghU,gcvP,bcp,gnd,osmC,icd,gor,gatD,ygiN,grxB,grxC,lpdA,ydfG,sdhA,dsbC,cysH,mtlD,dapB,maeB,putA,nirB,nemA,cydB,fdx,nuoC,nuoB,pdxB,sodC,sodB,queF,dkgA,mdh,yahK,trxB,",0.232273007
Molecular function,sulfur compound binding,GO:1901681,3,0.028030959,2.136089578,8,36,258,2480,"aceF,aceE,sucA,fdhE,dxs,grxC,tktA,dps,",0.259498729
Molecular function,vitamin binding,GO:0019842,4,0.040237455,1.721624436,12,67,258,2480,"aceE,sucA,dxs,glyA,iscS,trpB,cysK,tktA,arnB,aspC,tnaA,pdxY,",0.303519568
Cellular component,cytoplasm,GO:0005737,3,0,1.695126321,218,1187,261,2409,"minE,arcA,msrB,nusA,sspA,hmp,rpmG,fabI,wrbA,aceF,gmhA,rplR,rplU,rplT,sucC,gpmI,sucD,rplN,sucA,ahpC,nfuA,frdA,ppsA,gapA,katG,rplW,rplY,rplC,rplB,rplE,srmB,clpP,rplJ,prfA,cpxR,rplM,hns,gpmA,rplF,fabD,pnp,fabB,fdhE,yfbU,gltX,dnaK,dnaJ,tpiA,gmk,rpoB,rpoA,gcvP,rpoC,gcvT,bcp,csrA,gnd,pckA,dxs,yggX,deaD,osmC,cspA,ompR,suhB,icd,gor,argS,tig,greA,ydcY,gatD,ibpA,pepN,adk,ygiN,miaB,glyS,infB,prs,infA,infC,pheT,hscB,glyA,pepD,rpsJ,ileS,ilvD,rpsI,rpsF,uspD,rpsE,grxB,grxC,hisI,rpsG,grxD,rpsR,rpsQ,rpsT,pykA,iscS,iscU,rpsM,ppiB,rpsP,rpsO,lpdA,ydfG,trpS,rpsA,rpsD,rpsC,purU,purA,trpB,mnmA,eno,prlC,gshA,rho,rbfA,cysK,zapA,cysH,yjdC,glnB,engB,mtlD,fusA,yrdA,tmk,ycfH,cysS,acnA,acnB,glmS,glmU,dapB,frr,yeiP,hisS,yceD,tktA,upp,rpsU,narL,dapD,maa,rsmG,tyrS,alaS,raiA,pgk,nemA,truB,rfbB,valS,gloA,panC,proS,asnS,kdsB,fdx,fur,rpiA,aroG,murD,pdxB,aroA,sodB,queF,fbaA,yifE,pfkA,pfkB,hslO,dhaL,dhaK,yieP,eda,ftsZ,arnB,yciO,aspC,rne,dkgA,glpK,mdh,yciH,yjgA,cmoB,yhcB,rnr,yciN,udp,gltA,amn,tsf,serS,accB,pliG,uup,htpG,yihD,clpB,kdgR,deoB,crp,pdxY,pyrG,pyrH,efp,yqgF,seqA,pflB,trxB,",0
Cellular component,obsolete intracellular part,GO:0044424,0,0,1.655116707,222,1238,261,2409,"minE,arcA,msrB,nusA,sspA,hmp,rpmG,fabI,wrbA,aceF,gmhA,rplR,rplU,rplT,sucC,gpmI,sucD,rplN,sucA,ahpC,nfuA,frdA,ppsA,gapA,katG,rplW,rplY,rplC,rplB,rplE,srmB,clpP,rplJ,prfA,cpxR,rplM,hns,gpmA,rplF,fabD,pnp,fabB,fdhE,yfbU,gltX,dnaK,dnaJ,tpiA,gmk,rpoB,rpoA,gcvP,rpoC,gcvT,bcp,csrA,gnd,pckA,dxs,yggX,deaD,osmC,cspA,ompR,suhB,icd,gor,argS,tig,greA,ydcY,gatD,ibpA,pepN,adk,ygiN,miaB,glyS,infB,prs,infA,infC,pheT,hscB,glyA,pepD,rpsJ,ileS,ilvD,rpsI,rpsF,uspD,rpsE,grxB,grxC,hisI,rpsG,grxD,rpsR,rpsQ,rpsT,pykA,iscS,iscU,rpsM,ppiB,rpsP,rpsO,lpdA,ydfG,trpS,rpsA,rpsD,rpsC,purU,sdhA,purA,trpB,mnmA,eno,prlC,gshA,rho,rbfA,cysK,zapA,cysH,yjdC,glnB,engB,mtlD,fusA,yrdA,tmk,ycfH,cysS,acnA,acnB,glmS,glmU,dapB,frr,yeiP,hisS,yceD,tktA,upp,rpsU,narL,dapD,maa,rsmG,tyrS,alaS,raiA,pgk,nemA,truB,rfbB,valS,gloA,atpA,atpD,atpC,panC,proS,asnS,kdsB,fdx,fur,rpiA,aroG,murD,pdxB,aroA,sodB,queF,fbaA,yifE,pfkA,pfkB,hslO,dhaL,dhaK,yieP,eda,ftsZ,arnB,yciO,aspC,rne,dkgA,glpK,mdh,yciH,yjgA,cmoB,yhcB,rnr,yciN,udp,gltA,amn,tsf,serS,accB,pliG,uup,htpG,yihD,clpB,kdgR,deoB,crp,pdxY,pyrG,pyrH,efp,yqgF,seqA,pflB,trxB,",0
Cellular component,obsolete cytoplasmic part,GO:0044444,0,0,1.87710956,205,1008,261,2409,"minE,arcA,msrB,nusA,sspA,rpmG,fabI,wrbA,aceF,gmhA,rplR,rplU,rplT,sucC,gpmI,sucD,rplN,sucA,ahpC,nfuA,frdA,ppsA,gapA,katG,rplW,rplY,rplC,rplB,rplE,srmB,clpP,rplJ,prfA,cpxR,rplM,hns,gpmA,rplF,fabD,pnp,fabB,fdhE,yfbU,gltX,dnaK,dnaJ,tpiA,gmk,rpoB,rpoA,gcvP,rpoC,gcvT,bcp,csrA,gnd,pckA,dxs,yggX,deaD,osmC,cspA,suhB,icd,argS,tig,greA,ydcY,gatD,ibpA,adk,ygiN,miaB,glyS,infB,prs,infA,infC,pheT,hscB,glyA,pepD,rpsJ,ileS,ilvD,rpsI,rpsF,uspD,rpsE,grxB,grxC,hisI,rpsG,grxD,rpsR,rpsQ,rpsT,pykA,iscS,iscU,rpsM,ppiB,rpsP,rpsO,lpdA,ydfG,trpS,rpsA,rpsD,rpsC,purU,purA,trpB,mnmA,eno,prlC,gshA,rho,rbfA,cysK,zapA,yjdC,glnB,engB,mtlD,fusA,yrdA,tmk,ycfH,cysS,acnA,acnB,glmS,glmU,dapB,frr,yeiP,hisS,yceD,tktA,upp,rpsU,narL,dapD,maa,rsmG,tyrS,alaS,raiA,pgk,nemA,truB,rfbB,valS,gloA,panC,proS,kdsB,fdx,fur,rpiA,aroG,pdxB,aroA,queF,fbaA,yifE,pfkA,pfkB,hslO,dhaL,dhaK,yieP,eda,yciO,aspC,dkgA,glpK,mdh,yciH,yjgA,yhcB,rnr,yciN,udp,gltA,amn,tsf,serS,accB,pliG,htpG,yihD,clpB,kdgR,deoB,crp,pdxY,pyrG,pyrH,efp,yqgF,seqA,pflB,trxB,",0
Cellular component,cytosol,GO:0005829,3,0,1.884976526,203,994,261,2409,"minE,arcA,msrB,nusA,sspA,rpmG,fabI,wrbA,gmhA,rplR,rplU,rplT,sucC,gpmI,sucD,rplN,sucA,ahpC,nfuA,frdA,ppsA,gapA,katG,rplW,rplY,rplC,rplB,rplE,srmB,clpP,rplJ,prfA,cpxR,rplM,hns,gpmA,rplF,fabD,pnp,fabB,fdhE,yfbU,gltX,dnaK,dnaJ,tpiA,gmk,rpoB,rpoA,gcvP,rpoC,gcvT,bcp,csrA,gnd,pckA,dxs,yggX,deaD,osmC,cspA,suhB,icd,argS,tig,greA,ydcY,gatD,ibpA,adk,ygiN,miaB,glyS,infB,prs,infA,infC,pheT,hscB,glyA,pepD,rpsJ,ileS,ilvD,rpsI,rpsF,uspD,rpsE,grxB,grxC,hisI,rpsG,grxD,rpsR,rpsQ,rpsT,pykA,iscS,iscU,rpsM,ppiB,rpsP,rpsO,lpdA,ydfG,trpS,rpsA,rpsD,rpsC,purU,purA,trpB,mnmA,eno,prlC,gshA,rho,rbfA,cysK,zapA,yjdC,glnB,engB,mtlD,fusA,yrdA,tmk,ycfH,cysS,acnA,acnB,glmS,glmU,dapB,frr,yeiP,hisS,yceD,tktA,upp,rpsU,narL,dapD,maa,rsmG,tyrS,alaS,raiA,pgk,nemA,truB,rfbB,valS,gloA,panC,proS,kdsB,fdx,fur,rpiA,aroG,pdxB,aroA,queF,fbaA,yifE,pfkA,pfkB,hslO,dhaL,dhaK,yieP,eda,yciO,aspC,dkgA,glpK,mdh,yjgA,yhcB,rnr,yciN,udp,gltA,amn,tsf,serS,accB,pliG,htpG,yihD,clpB,kdgR,deoB,crp,pdxY,pyrG,pyrH,efp,yqgF,seqA,pflB,trxB,",0
Cellular component,intracellular anatomical structure,GO:0005622,3,0,1.652447164,222,1240,261,2409,"minE,arcA,msrB,nusA,sspA,hmp,rpmG,fabI,wrbA,aceF,gmhA,rplR,rplU,rplT,sucC,gpmI,sucD,rplN,sucA,ahpC,nfuA,frdA,ppsA,gapA,katG,rplW,rplY,rplC,rplB,rplE,srmB,clpP,rplJ,prfA,cpxR,rplM,hns,gpmA,rplF,fabD,pnp,fabB,fdhE,yfbU,gltX,dnaK,dnaJ,tpiA,gmk,rpoB,rpoA,gcvP,rpoC,gcvT,bcp,csrA,gnd,pckA,dxs,yggX,deaD,osmC,cspA,ompR,suhB,icd,gor,argS,tig,greA,ydcY,gatD,ibpA,pepN,adk,ygiN,miaB,glyS,infB,prs,infA,infC,pheT,hscB,glyA,pepD,rpsJ,ileS,ilvD,rpsI,rpsF,uspD,rpsE,grxB,grxC,hisI,rpsG,grxD,rpsR,rpsQ,rpsT,pykA,iscS,iscU,rpsM,ppiB,rpsP,rpsO,lpdA,ydfG,trpS,rpsA,rpsD,rpsC,purU,sdhA,purA,trpB,mnmA,eno,prlC,gshA,rho,rbfA,cysK,zapA,cysH,yjdC,glnB,engB,mtlD,fusA,yrdA,tmk,ycfH,cysS,acnA,acnB,glmS,glmU,dapB,frr,yeiP,hisS,yceD,tktA,upp,rpsU,narL,dapD,maa,rsmG,tyrS,alaS,raiA,pgk,nemA,truB,rfbB,valS,gloA,atpA,atpD,atpC,panC,proS,asnS,kdsB,fdx,fur,rpiA,aroG,murD,pdxB,aroA,sodB,queF,fbaA,yifE,pfkA,pfkB,hslO,dhaL,dhaK,yieP,eda,ftsZ,arnB,yciO,aspC,rne,dkgA,glpK,mdh,yciH,yjgA,cmoB,yhcB,rnr,yciN,udp,gltA,amn,tsf,serS,accB,pliG,uup,htpG,yihD,clpB,kdgR,deoB,crp,pdxY,pyrG,pyrH,efp,yqgF,seqA,pflB,trxB,",0
Cellular component,ribonucleoprotein complex,GO:1990904,3,1.52E-14,4.470725575,31,64,261,2409,"rpmG,rplR,rplU,rplT,rplN,rplW,rplY,rplC,rplB,rplE,rplJ,rplM,rplF,infC,rpsJ,rpsI,rpsF,rpsE,rpsG,rpsR,rpsQ,rpsT,rpsM,rpsP,rpsO,rpsA,rpsD,rpsC,rpsU,raiA,yciH,",3.12E-13
Cellular component,cytosolic ribosome,GO:0022626,7,7.19E-14,4.536723164,29,59,261,2409,"rpmG,rplR,rplU,rplT,rplN,rplW,rplY,rplC,rplB,rplE,rplJ,rplM,rplF,rpsJ,rpsI,rpsF,rpsE,rpsG,rpsR,rpsQ,rpsT,rpsM,rpsP,rpsO,rpsA,rpsD,rpsC,rpsU,raiA,",1.26E-12
Cellular component,ribosomal subunit,GO:0044391,4,7.19E-14,4.536723164,29,59,261,2409,"rpmG,rplR,rplU,rplT,rplN,rplW,rplY,rplC,rplB,rplE,rplJ,rplM,rplF,rpsJ,rpsI,rpsF,rpsE,rpsG,rpsR,rpsQ,rpsT,rpsM,rpsP,rpsO,rpsA,rpsD,rpsC,rpsU,raiA,",1.26E-12
Cellular component,obsolete cytosolic part,GO:0044445,0,9.84E-14,3.922701149,34,80,261,2409,"rpmG,rplR,rplU,rplT,rplN,rplW,rplY,rplC,rplB,rplE,clpP,rplJ,rplM,rplF,hscB,rpsJ,rpsI,rpsF,rpsE,rpsG,rpsR,rpsQ,rpsT,rpsM,rpsP,rpsO,lpdA,rpsA,rpsD,rpsC,eno,rpsU,raiA,pfkA,",1.34E-12
Cellular component,ribosome,GO:0005840,6,1.26E-13,4.461111111,29,60,261,2409,"rpmG,rplR,rplU,rplT,rplN,rplW,rplY,rplC,rplB,rplE,rplJ,rplM,rplF,rpsJ,rpsI,rpsF,rpsE,rpsG,rpsR,rpsQ,rpsT,rpsM,rpsP,rpsO,rpsA,rpsD,rpsC,rpsU,raiA,",1.55E-12
Cellular component,obsolete intracellular organelle part,GO:0044446,0,2.71E-12,4.055555556,29,66,261,2409,"rpmG,rplR,rplU,rplT,rplN,rplW,rplY,rplC,rplB,rplE,rplJ,rplM,rplF,rpsJ,rpsI,rpsF,rpsE,rpsG,rpsR,rpsQ,rpsT,rpsM,rpsP,rpsO,rpsA,rpsD,rpsC,rpsU,raiA,",3.03E-11
Cellular component,intracellular non-membrane-bounded organelle,GO:0043232,5,1.44E-10,3.461206897,30,80,261,2409,"rpmG,rplR,rplU,rplT,rplN,rplW,rplY,rplC,rplB,rplE,rplJ,rplM,rplF,rpsJ,rpsI,rpsF,rpsE,rpsG,rpsR,rpsQ,rpsT,rpsM,rpsP,rpsO,rpsA,rpsD,rpsC,eno,rpsU,raiA,",1.48E-09
Cellular component,small ribosomal subunit,GO:0015935,5,1.95E-10,5.907126437,16,25,261,2409,"rpsJ,rpsI,rpsF,rpsE,rpsG,rpsR,rpsQ,rpsT,rpsM,rpsP,rpsO,rpsA,rpsD,rpsC,rpsU,raiA,",1.84E-09
Cellular component,cytosolic small ribosomal subunit,GO:0022627,6,1.95E-10,5.907126437,16,25,261,2409,"rpsJ,rpsI,rpsF,rpsE,rpsG,rpsR,rpsQ,rpsT,rpsM,rpsP,rpsO,rpsA,rpsD,rpsC,rpsU,raiA,",1.84E-09
Cellular component,intracellular organelle,GO:0043229,4,1.15E-09,3.219727346,30,86,261,2409,"rpmG,rplR,rplU,rplT,rplN,rplW,rplY,rplC,rplB,rplE,rplJ,rplM,rplF,rpsJ,rpsI,rpsF,rpsE,rpsG,rpsR,rpsQ,rpsT,rpsM,rpsP,rpsO,rpsA,rpsD,rpsC,eno,rpsU,raiA,",9.40E-09
Cellular component,obsolete organelle part,GO:0044422,0,1.53E-09,3.264227642,29,82,261,2409,"rpmG,rplR,rplU,rplT,rplN,rplW,rplY,rplC,rplB,rplE,rplJ,rplM,rplF,rpsJ,rpsI,rpsF,rpsE,rpsG,rpsR,rpsQ,rpsT,rpsM,rpsP,rpsO,rpsA,rpsD,rpsC,rpsU,raiA,",1.18E-08
Cellular component,non-membrane-bounded organelle,GO:0043228,4,3.83E-08,2.825475018,30,98,261,2409,"rpmG,rplR,rplU,rplT,rplN,rplW,rplY,rplC,rplB,rplE,rplJ,rplM,rplF,rpsJ,rpsI,rpsF,rpsE,rpsG,rpsR,rpsQ,rpsT,rpsM,rpsP,rpsO,rpsA,rpsD,rpsC,eno,rpsU,raiA,",2.77E-07
Cellular component,protein-containing complex,GO:0032991,2,7.75E-08,1.768455667,73,381,261,2409,"arcA,rpmG,aceF,rplR,rplU,rplT,sucC,sucD,rplN,sucA,ahpC,frdA,rplW,secY,rplY,rplC,rplB,rplE,clpP,rplJ,rplM,hns,rplF,dnaK,dnaJ,rpoB,gcvP,rpoC,rbsA,ompR,infC,pheT,hscB,rpsJ,rpsI,rpsF,rpsE,rpsG,rpsR,rpsQ,rpsT,rpsM,rpsP,rpsO,lpdA,rpsA,rpsD,rpsC,sdhA,eno,cysK,tktA,rpsU,nirB,narL,tatB,raiA,atpA,atpD,atpC,cydB,fur,nuoC,nuoB,pfkA,acrA,yciH,ftsH,bamE,bamC,bamA,crp,seqA,",5.30E-07
Cellular component,organelle,GO:0043226,3,1.72E-07,2.662466844,30,104,261,2409,"rpmG,rplR,rplU,rplT,rplN,rplW,rplY,rplC,rplB,rplE,rplJ,rplM,rplF,rpsJ,rpsI,rpsF,rpsE,rpsG,rpsR,rpsQ,rpsT,rpsM,rpsP,rpsO,rpsA,rpsD,rpsC,eno,rpsU,raiA,",1.11E-06
Cellular component,large ribosomal subunit,GO:0015934,5,2.41E-05,3.529073698,13,34,261,2409,"rpmG,rplR,rplU,rplT,rplN,rplW,rplY,rplC,rplB,rplE,rplJ,rplM,rplF,",1.48E-04
Cellular component,cytosolic large ribosomal subunit,GO:0022625,6,2.41E-05,3.529073698,13,34,261,2409,"rpmG,rplR,rplU,rplT,rplN,rplW,rplY,rplC,rplB,rplE,rplJ,rplM,rplF,",1.48E-04
Cellular component,obsolete cell part,GO:0044464,0,0.001689669,1.023364486,261,2354,261,2409,"minE,arcA,msrB,nusA,sspA,yqjD,hmp,rpmG,fabI,wrbA,aceF,gmhA,rplR,rplU,rplT,sucC,gpmI,sucD,rplN,sucA,ahpC,nfuA,frdA,ppsA,gapA,katG,rplW,secY,rplY,rplC,rplB,rplE,srmB,clpP,rplJ,prfA,cpxR,rplM,hns,gpmA,rplF,fabD,pnp,fabB,fdhE,yfbU,gltX,dnaK,dnaJ,tpiA,osmY,gmk,rpoB,rpoA,gcvP,rpoC,gcvT,bcp,csrA,gnd,pckA,dxs,yggX,rbsB,deaD,artI,rbsA,osmC,cspA,ompR,suhB,icd,gor,argS,tig,greA,ydcY,gatD,ibpA,pepN,adk,ygiN,yfgM,miaB,glyS,infB,prs,infA,infC,pheT,potD,hscB,glyA,pepD,rpsJ,ileS,ilvD,rpsI,rpsF,uspD,efeO,rpsE,grxB,grxC,hisI,rpsG,grxD,rpsR,rpsQ,rpsT,pykA,iscS,ppiA,iscU,rpsM,ppiB,rpsP,cpoB,rpsO,lpdA,ydfG,trpS,rpsA,rpsD,rpsC,purU,sdhA,dsbC,purA,trpB,mnmA,eno,prlC,gshA,rho,rbfA,cysK,zapA,cysH,yjdC,glnB,engB,agp,mtlD,fusA,yrdA,copA,tmk,ycfH,putP,tolQ,cysS,acnA,acnB,glmS,glmU,dapB,putA,frr,yeiP,hisS,yceD,tktA,upp,rpsU,nirB,narL,dapD,maa,tatB,rsmG,tyrS,alaS,raiA,pgk,nemA,truB,rfbB,valS,dps,gloA,atpA,atpD,atpC,panC,proS,fkpA,hemY,cydB,asnS,bepA,kdsB,fdx,proX,fur,rpiA,aroG,nuoC,nuoB,murD,pdxB,sodC,aroA,phoQ,sodB,queF,fbaA,yifE,pfkA,pfkB,acrA,hslO,dhaL,dhaK,yieP,eda,ftsZ,arnB,yciO,aspC,rne,arnC,dkgA,glpK,mdh,yciH,ftsH,yjgA,cmoB,glpQ,yhcB,rnr,yciN,gntT,udp,gltA,amn,tsf,serS,surA,tnaA,accB,pliG,uup,htpG,yihD,clpB,kdgR,bamE,deoB,bamC,bamA,crp,pdxY,pyrG,pyrH,efp,yqgF,seqA,pflB,trxB,",0.009446784
Cellular component,obsolete cell,GO:0005623,0,0.001689669,1.023364486,261,2354,261,2409,"minE,arcA,msrB,nusA,sspA,yqjD,hmp,rpmG,fabI,wrbA,aceF,gmhA,rplR,rplU,rplT,sucC,gpmI,sucD,rplN,sucA,ahpC,nfuA,frdA,ppsA,gapA,katG,rplW,secY,rplY,rplC,rplB,rplE,srmB,clpP,rplJ,prfA,cpxR,rplM,hns,gpmA,rplF,fabD,pnp,fabB,fdhE,yfbU,gltX,dnaK,dnaJ,tpiA,osmY,gmk,rpoB,rpoA,gcvP,rpoC,gcvT,bcp,csrA,gnd,pckA,dxs,yggX,rbsB,deaD,artI,rbsA,osmC,cspA,ompR,suhB,icd,gor,argS,tig,greA,ydcY,gatD,ibpA,pepN,adk,ygiN,yfgM,miaB,glyS,infB,prs,infA,infC,pheT,potD,hscB,glyA,pepD,rpsJ,ileS,ilvD,rpsI,rpsF,uspD,efeO,rpsE,grxB,grxC,hisI,rpsG,grxD,rpsR,rpsQ,rpsT,pykA,iscS,ppiA,iscU,rpsM,ppiB,rpsP,cpoB,rpsO,lpdA,ydfG,trpS,rpsA,rpsD,rpsC,purU,sdhA,dsbC,purA,trpB,mnmA,eno,prlC,gshA,rho,rbfA,cysK,zapA,cysH,yjdC,glnB,engB,agp,mtlD,fusA,yrdA,copA,tmk,ycfH,putP,tolQ,cysS,acnA,acnB,glmS,glmU,dapB,putA,frr,yeiP,hisS,yceD,tktA,upp,rpsU,nirB,narL,dapD,maa,tatB,rsmG,tyrS,alaS,raiA,pgk,nemA,truB,rfbB,valS,dps,gloA,atpA,atpD,atpC,panC,proS,fkpA,hemY,cydB,asnS,bepA,kdsB,fdx,proX,fur,rpiA,aroG,nuoC,nuoB,murD,pdxB,sodC,aroA,phoQ,sodB,queF,fbaA,yifE,pfkA,pfkB,acrA,hslO,dhaL,dhaK,yieP,eda,ftsZ,arnB,yciO,aspC,rne,arnC,dkgA,glpK,mdh,yciH,ftsH,yjgA,cmoB,glpQ,yhcB,rnr,yciN,gntT,udp,gltA,amn,tsf,serS,surA,tnaA,accB,pliG,uup,htpG,yihD,clpB,kdgR,bamE,deoB,bamC,bamA,crp,pdxY,pyrG,pyrH,efp,yqgF,seqA,pflB,trxB,",0.009446784
Biological process,translation,GO:0006412,8,0,4.824353841,57,123,268,2790,"rpmG,rplR,rplU,rplT,rplN,rplW,rplY,rplC,rplB,rplE,rplJ,prfA,rplM,rplF,gltX,csrA,deaD,argS,adk,glyS,infB,infA,infC,pheT,rpsJ,ileS,rpsI,rpsF,rpsE,rpsG,rpsR,rpsQ,rpsT,rpsM,rpsP,rpsO,trpS,rpsA,rpsD,rpsC,fusA,cysS,acnB,frr,yeiP,hisS,rpsU,tyrS,alaS,raiA,valS,proS,asnS,yciH,tsf,serS,efp,",0
Biological process,peptide metabolic process,GO:0006518,5,0,4.45136387,62,145,268,2790,"rpmG,rplR,rplU,rplT,rplN,rplW,rplY,rplC,rplB,rplE,rplJ,prfA,rplM,rplF,gltX,csrA,deaD,argS,pepN,adk,glyS,infB,infA,infC,pheT,pepD,rpsJ,ileS,rpsI,rpsF,rpsE,rpsG,rpsR,rpsQ,rpsT,rpsM,rpsP,rpsO,trpS,rpsA,rpsD,rpsC,prlC,gshA,fusA,cysS,acnB,frr,yeiP,hisS,rpsU,tyrS,alaS,raiA,valS,gloA,proS,asnS,yciH,tsf,serS,efp,",0
Biological process,amide metabolic process,GO:0043603,4,0,3.372398571,69,213,268,2790,"rpmG,fabI,aceF,rplR,rplU,rplT,rplN,rplW,rplY,rplC,rplB,rplE,rplJ,prfA,rplM,gpmA,rplF,gltX,csrA,deaD,argS,pepN,adk,glyS,infB,infA,infC,pheT,pepD,rpsJ,ileS,rpsI,rpsF,rpsE,rpsG,rpsR,rpsQ,rpsT,rpsM,rpsP,rpsO,lpdA,trpS,rpsA,rpsD,rpsC,purU,prlC,gshA,fusA,cysS,acnB,putA,frr,yeiP,hisS,rpsU,tyrS,alaS,raiA,valS,gloA,panC,proS,asnS,yciH,tsf,serS,efp,",0
Biological process,amide biosynthetic process,GO:0043604,6,0,3.857989464,63,170,268,2790,"rpmG,fabI,aceF,rplR,rplU,rplT,rplN,rplW,rplY,rplC,rplB,rplE,rplJ,prfA,rplM,rplF,gltX,csrA,deaD,argS,adk,glyS,infB,infA,infC,pheT,rpsJ,ileS,rpsI,rpsF,rpsE,rpsG,rpsR,rpsQ,rpsT,rpsM,rpsP,rpsO,lpdA,trpS,rpsA,rpsD,rpsC,purU,gshA,fusA,cysS,acnB,frr,yeiP,hisS,rpsU,tyrS,alaS,raiA,valS,panC,proS,asnS,yciH,tsf,serS,efp,",0
Biological process,organonitrogen compound biosynthetic process,GO:1901566,5,0,2.323760661,100,448,268,2790,"rpmG,fabI,aceF,rplR,rplU,rplT,gpmI,rplN,gapA,rplW,rplY,rplC,rplB,rplE,rplJ,prfA,rplM,gpmA,rplF,gltX,tpiA,csrA,dxs,deaD,argS,ribA,adk,glyS,infB,prs,infA,infC,pheT,glyA,rpsJ,ileS,ilvD,rpsI,rpsF,rpsE,hisI,rpsG,rpsR,rpsQ,rpsT,pykA,rpsM,rpsP,rpsO,lpdA,trpS,rpsA,rpsD,rpsC,purU,purA,trpB,eno,gshA,cysK,fusA,tmk,cysS,acnB,glmS,glmU,dapB,frr,yeiP,hisS,upp,rpsU,dapD,tyrS,alaS,raiA,pgk,valS,atpA,atpD,atpC,panC,proS,asnS,aroG,murD,pdxB,queF,fbaA,pfkA,pfkB,aspC,mdh,yciH,tsf,serS,pdxY,pyrG,pyrH,efp,",0
Biological process,peptide biosynthetic process,GO:0043043,7,2.22E-16,4.574287653,58,132,268,2790,"rpmG,rplR,rplU,rplT,rplN,rplW,rplY,rplC,rplB,rplE,rplJ,prfA,rplM,rplF,gltX,csrA,deaD,argS,adk,glyS,infB,infA,infC,pheT,rpsJ,ileS,rpsI,rpsF,rpsE,rpsG,rpsR,rpsQ,rpsT,rpsM,rpsP,rpsO,trpS,rpsA,rpsD,rpsC,gshA,fusA,cysS,acnB,frr,yeiP,hisS,rpsU,tyrS,alaS,raiA,valS,proS,asnS,yciH,tsf,serS,efp,",4.52E-14
Biological process,cellular nitrogen compound biosynthetic process,GO:0044271,5,5.55E-16,1.913099129,120,653,268,2790,"arcA,nusA,sspA,rpmG,fabI,aceF,rplR,rplU,rplT,gpmI,rplN,gapA,rplW,rplY,rplC,rplB,rplE,rplJ,prfA,cpxR,rplM,hns,gpmA,rplF,gltX,dnaK,dnaJ,tpiA,gmk,rpoB,rpoA,rpoC,lacI,csrA,dxs,deaD,cspA,ompR,argS,basR,greA,ribA,adk,glyS,infB,prs,infA,infC,pheT,rpsJ,ileS,rpsI,rpsF,rpsE,rpsG,rpsR,rpsQ,rpsT,pykA,rpsM,rpsP,rpsO,lpdA,trpS,rpsA,rpsD,rpsC,purU,purA,trpB,eno,gshA,rho,yjdC,fusA,tmk,cysS,acnB,glmS,glmU,putA,frr,yeiP,hisS,tktA,upp,rpsU,narL,tyrS,alaS,raiA,pgk,rfbB,frmR,valS,atpA,atpD,atpC,panC,proS,asnS,fur,pdxB,queF,fbaA,pfkA,pfkB,mdh,yciH,tsf,serS,rof,kdgR,deoB,crp,pdxY,pyrG,pyrH,efp,galS,",9.68E-14
Biological process,organonitrogen compound metabolic process,GO:1901564,4,1.89E-15,1.726851524,140,844,268,2790,"msrB,rpmG,fabI,aceF,rplR,rplU,rplT,gpmI,sucD,rplN,nfuA,gapA,rplW,rplY,rplC,rplB,rplE,clpP,rplJ,prfA,rplM,gpmA,rplF,fdhE,gltX,dnaK,dnaJ,tpiA,osmY,gmk,gcvP,gcvT,csrA,gnd,dxs,deaD,argS,tig,ribA,pepN,adk,glyS,infB,prs,infA,infC,pheT,hscB,glyA,pepD,rpsJ,ileS,ilvD,rpsI,rpsF,rpsE,hisI,rpsG,rpsR,rpsQ,rpsT,pykA,ppiA,iscU,rpsM,ppiB,rpsP,rpsO,lpdA,ydfG,trpS,rpsA,rpsD,rpsC,purU,purA,trpB,eno,prlC,gshA,cysK,fusA,evgS,tmk,cysS,acnB,glmS,glmU,dapB,putA,frr,yeiP,hisS,tktA,upp,rpsU,dapD,tyrS,alaS,raiA,pgk,valS,gloA,atpA,atpD,atpC,panC,proS,fkpA,asnS,bepA,rpiA,aroG,nuoC,murD,pdxB,phoQ,queF,fbaA,pfkA,pfkB,hslO,aspC,mdh,yciH,ftsH,udp,tsf,serS,yjjX,surA,tnaA,accB,htpG,clpB,pdxY,pyrG,pyrH,efp,pflB,",2.88E-13
Biological process,protein metabolic process,GO:0019538,5,1.70E-13,2.132872224,84,410,268,2790,"msrB,rpmG,rplR,rplU,rplT,sucD,rplN,nfuA,rplW,rplY,rplC,rplB,rplE,clpP,rplJ,prfA,rplM,rplF,fdhE,gltX,dnaK,dnaJ,osmY,csrA,deaD,argS,tig,pepN,adk,glyS,infB,infA,infC,pheT,hscB,pepD,rpsJ,ileS,rpsI,rpsF,rpsE,rpsG,rpsR,rpsQ,rpsT,ppiA,iscU,rpsM,ppiB,rpsP,rpsO,trpS,rpsA,rpsD,rpsC,prlC,fusA,evgS,cysS,acnB,glmS,frr,yeiP,hisS,rpsU,tyrS,alaS,raiA,valS,proS,fkpA,asnS,bepA,phoQ,hslO,yciH,ftsH,tsf,serS,surA,accB,htpG,clpB,efp,",2.31E-11
Biological process,organic substance biosynthetic process,GO:1901576,4,4.11E-13,1.510750994,165,1137,268,2790,"arcA,nusA,sspA,rpmG,fabI,aceF,gmhA,rplR,rplU,rplT,gpmI,rplN,nfuA,ppsA,gapA,rplW,rplY,rplC,rplB,rplE,rplJ,prfA,cpxR,rplM,hns,gpmA,rplF,fabD,pnp,fabB,fdhE,gltX,dnaK,dnaJ,tpiA,osmY,gmk,rpoB,rpoA,rpoC,lacI,csrA,pckA,dxs,deaD,cspA,ompR,ubiE,argS,basR,tig,greA,ribA,adk,miaB,glyS,infB,prs,infA,infC,pheT,hscB,glyA,rpsJ,ileS,ilvD,rpsI,rpsF,rpsE,hisI,rpsG,rpsR,rpsQ,rpsT,pykA,iscS,iscU,rpsM,rpsP,rpsO,lpdA,trpS,rpsA,rpsD,rpsC,purU,purA,trpB,mnmA,eno,prlC,gshA,rho,rbfA,cysK,yjdC,glnB,fusA,tmk,cysS,acnB,glmS,menE,glmU,menC,dapB,putA,frr,yeiP,hisS,tktA,upp,rpsU,narL,dapD,rsmG,tyrS,alaS,raiA,pgk,truB,rfbB,frmR,valS,atpA,atpD,atpC,panC,proS,fkpA,asnS,bepA,kdsB,fur,aroG,murD,pdxB,aroA,queF,fbaA,pfkA,pfkB,hslO,aspC,rne,mdh,yciH,cmoB,rnr,tsf,serS,surA,rof,accB,htpG,kdgR,deoB,crp,pdxY,pyrG,pyrH,efp,yqgF,galS,seqA,",5.02E-11
Biological process,gene expression,GO:0010467,6,4.20E-13,1.864032876,106,592,268,2790,"arcA,nusA,sspA,rpmG,rplR,rplU,rplT,rplN,nfuA,rplW,rplY,rplC,rplB,rplE,rplJ,prfA,cpxR,rplM,hns,rplF,pnp,fdhE,gltX,dnaK,dnaJ,osmY,rpoB,rpoA,rpoC,lacI,csrA,deaD,cspA,ompR,argS,basR,tig,greA,adk,miaB,glyS,infB,infA,infC,pheT,hscB,rpsJ,ileS,rpsI,rpsF,rpsE,rpsG,rpsR,rpsQ,rpsT,iscS,iscU,rpsM,rpsP,rpsO,trpS,rpsA,rpsD,rpsC,mnmA,prlC,rho,rbfA,yjdC,fusA,cysS,acnB,putA,frr,yeiP,hisS,tktA,rpsU,narL,rsmG,tyrS,alaS,raiA,truB,frmR,valS,proS,fkpA,asnS,bepA,fur,hslO,rne,yciH,cmoB,rnr,tsf,serS,surA,rof,htpG,kdgR,crp,efp,yqgF,galS,",4.66E-11
Biological process,biosynthetic process,GO:0009058,3,4.95E-13,1.508098227,165,1139,268,2790,"arcA,nusA,sspA,rpmG,fabI,aceF,gmhA,rplR,rplU,rplT,gpmI,rplN,nfuA,ppsA,gapA,rplW,rplY,rplC,rplB,rplE,rplJ,prfA,cpxR,rplM,hns,gpmA,rplF,fabD,pnp,fabB,fdhE,gltX,dnaK,dnaJ,tpiA,osmY,gmk,rpoB,rpoA,rpoC,lacI,csrA,pckA,dxs,deaD,cspA,ompR,ubiE,argS,basR,tig,greA,ribA,adk,miaB,glyS,infB,prs,infA,infC,pheT,hscB,glyA,rpsJ,ileS,ilvD,rpsI,rpsF,rpsE,hisI,rpsG,rpsR,rpsQ,rpsT,pykA,iscS,iscU,rpsM,rpsP,rpsO,lpdA,trpS,rpsA,rpsD,rpsC,purU,purA,trpB,mnmA,eno,prlC,gshA,rho,rbfA,cysK,yjdC,glnB,fusA,tmk,cysS,acnB,glmS,menE,glmU,menC,dapB,putA,frr,yeiP,hisS,tktA,upp,rpsU,narL,dapD,rsmG,tyrS,alaS,raiA,pgk,truB,rfbB,frmR,valS,atpA,atpD,atpC,panC,proS,fkpA,asnS,bepA,kdsB,fur,aroG,murD,pdxB,aroA,queF,fbaA,pfkA,pfkB,hslO,aspC,rne,mdh,yciH,cmoB,rnr,tsf,serS,surA,rof,accB,htpG,kdgR,deoB,crp,pdxY,pyrG,pyrH,efp,yqgF,galS,seqA,",5.04E-11
Biological process,cellular biosynthetic process,GO:0044249,4,8.82E-13,1.508358209,163,1125,268,2790,"arcA,nusA,sspA,rpmG,fabI,aceF,gmhA,rplR,rplU,rplT,gpmI,rplN,nfuA,gapA,rplW,rplY,rplC,rplB,rplE,rplJ,prfA,cpxR,rplM,hns,gpmA,rplF,fabD,pnp,fabB,fdhE,gltX,dnaK,dnaJ,tpiA,osmY,gmk,rpoB,rpoA,rpoC,lacI,csrA,dxs,deaD,cspA,ompR,ubiE,argS,basR,tig,greA,ribA,adk,miaB,glyS,infB,prs,infA,infC,pheT,hscB,glyA,rpsJ,ileS,ilvD,rpsI,rpsF,rpsE,hisI,rpsG,rpsR,rpsQ,rpsT,pykA,iscS,iscU,rpsM,rpsP,rpsO,lpdA,trpS,rpsA,rpsD,rpsC,purU,purA,trpB,mnmA,eno,prlC,gshA,rho,rbfA,cysK,yjdC,glnB,fusA,tmk,cysS,acnB,glmS,menE,glmU,menC,dapB,putA,frr,yeiP,hisS,tktA,upp,rpsU,narL,dapD,rsmG,tyrS,alaS,raiA,pgk,truB,rfbB,frmR,valS,atpA,atpD,atpC,panC,proS,fkpA,asnS,bepA,kdsB,fur,aroG,murD,pdxB,aroA,queF,fbaA,pfkA,pfkB,hslO,aspC,rne,mdh,yciH,cmoB,rnr,tsf,serS,surA,rof,accB,htpG,kdgR,deoB,crp,pdxY,pyrG,pyrH,efp,yqgF,galS,seqA,",8.29E-11
Biological process,metabolic process,GO:0008152,2,3.94E-12,1.237715704,236,1985,268,2790,"arcA,msrB,nusA,sspA,hmp,rpmG,fabI,wrbA,aceF,gmhA,aceE,rplR,rplU,rplT,sucC,gpmI,sucD,rplN,sucA,ahpC,nfuA,frdA,ppsA,gapA,katG,rplW,rplY,rplC,rplB,rplE,srmB,clpP,rplJ,prfA,cpxR,rplM,hns,gpmA,rplF,fabD,pnp,aceA,fabB,fdhE,gltX,dnaK,dnaJ,tpiA,yghU,osmY,gmk,rpoB,rpoA,gcvP,rpoC,lacI,gcvT,bcp,csrA,gnd,pckA,dxs,deaD,rbsA,osmC,cspA,ompR,uxuA,ubiE,suhB,icd,gor,argS,basR,tig,greA,gatD,ribA,pepN,adk,ygiN,miaB,glyS,infB,prs,infA,infC,fumA,pheT,hscB,glyA,pepD,rpsJ,ileS,ilvD,rpsI,rpsF,rpsE,grxB,grxC,hisI,rpsG,rpsR,rpsQ,rpsT,pykA,iscS,ppiA,iscU,rpsM,ppiB,rpsP,rpsO,lpdA,ydfG,trpS,rpsA,rpsD,rpsC,purU,sdhA,dsbC,purA,trpB,mnmA,eno,yegP,prlC,gshA,rho,rbfA,cysK,cysH,yjdC,glnB,agp,mtlD,fusA,evgS,tmk,ycfH,cysS,acnA,acnB,glmS,menE,glmU,menC,dapB,maeB,putA,frr,yeiP,hisS,tktA,upp,rpsU,nirB,narL,dapD,yidR,rsmG,tyrS,alaS,raiA,pgk,nemA,truB,rfbB,frmR,valS,gloA,atpA,atpD,atpC,panC,proS,fkpA,cydB,asnS,bepA,kdsB,fdx,fur,rpiA,aroG,nuoC,nuoB,murD,pdxB,sodC,aroA,phoQ,sodB,queF,fbaA,pfkA,pfkB,hslO,dhaL,dhaK,aspC,rne,dkgA,glpK,mdh,yciH,ftsH,cmoB,rnr,mug,udp,gltA,tsf,serS,yjjX,surA,rof,tnaA,accB,uup,htpG,yahK,clpB,kdgR,deoB,crp,pdxY,pyrG,pyrH,efp,yqgF,galS,seqA,pflB,trxB,",3.44E-10
Biological process,nitrogen compound metabolic process,GO:0006807,3,5.17E-12,1.386592408,189,1419,268,2790,"arcA,msrB,nusA,sspA,hmp,rpmG,fabI,aceF,rplR,rplU,rplT,sucC,gpmI,sucD,rplN,sucA,nfuA,gapA,rplW,rplY,rplC,rplB,rplE,srmB,clpP,rplJ,prfA,cpxR,rplM,hns,gpmA,rplF,pnp,fdhE,gltX,dnaK,dnaJ,tpiA,osmY,gmk,rpoB,rpoA,gcvP,rpoC,lacI,gcvT,csrA,gnd,dxs,deaD,cspA,ompR,argS,basR,tig,greA,ribA,pepN,adk,miaB,glyS,infB,prs,infA,infC,fumA,pheT,hscB,glyA,pepD,rpsJ,ileS,ilvD,rpsI,rpsF,rpsE,hisI,rpsG,rpsR,rpsQ,rpsT,pykA,iscS,ppiA,iscU,rpsM,ppiB,rpsP,rpsO,lpdA,ydfG,trpS,rpsA,rpsD,rpsC,purU,sdhA,purA,trpB,mnmA,eno,yegP,prlC,gshA,rho,rbfA,cysK,yjdC,fusA,evgS,tmk,ycfH,cysS,acnA,acnB,glmS,glmU,dapB,putA,frr,yeiP,hisS,tktA,upp,rpsU,narL,dapD,rsmG,tyrS,alaS,raiA,pgk,nemA,truB,rfbB,frmR,valS,gloA,atpA,atpD,atpC,panC,proS,fkpA,asnS,bepA,fur,rpiA,aroG,nuoC,murD,pdxB,phoQ,queF,fbaA,pfkA,pfkB,hslO,aspC,rne,mdh,yciH,ftsH,cmoB,rnr,mug,udp,gltA,tsf,serS,yjjX,surA,rof,tnaA,accB,uup,htpG,clpB,kdgR,deoB,crp,pdxY,pyrG,pyrH,efp,yqgF,galS,seqA,pflB,",4.21E-10
Biological process,cellular nitrogen compound metabolic process,GO:0034641,4,5.57E-12,1.536975555,150,1016,268,2790,"arcA,nusA,sspA,hmp,rpmG,fabI,aceF,rplR,rplU,rplT,gpmI,rplN,gapA,rplW,rplY,rplC,rplB,rplE,srmB,rplJ,prfA,cpxR,rplM,hns,gpmA,rplF,pnp,gltX,dnaK,dnaJ,tpiA,gmk,rpoB,rpoA,rpoC,lacI,csrA,gnd,dxs,deaD,cspA,ompR,argS,basR,greA,ribA,pepN,adk,miaB,glyS,infB,prs,infA,infC,pheT,pepD,rpsJ,ileS,rpsI,rpsF,rpsE,hisI,rpsG,rpsR,rpsQ,rpsT,pykA,iscS,rpsM,rpsP,rpsO,lpdA,ydfG,trpS,rpsA,rpsD,rpsC,purU,purA,trpB,mnmA,eno,yegP,prlC,gshA,rho,rbfA,yjdC,fusA,tmk,ycfH,cysS,acnB,glmS,glmU,putA,frr,yeiP,hisS,tktA,upp,rpsU,narL,rsmG,tyrS,alaS,raiA,pgk,truB,rfbB,frmR,valS,gloA,atpA,atpD,atpC,panC,proS,asnS,fur,rpiA,nuoC,pdxB,queF,fbaA,pfkA,pfkB,rne,mdh,yciH,cmoB,rnr,mug,udp,tsf,serS,yjjX,rof,tnaA,uup,kdgR,deoB,crp,pdxY,pyrG,pyrH,efp,yqgF,galS,seqA,",4.25E-10
Biological process,primary metabolic process,GO:0044238,3,2.25E-11,1.34394378,197,1526,268,2790,"arcA,msrB,nusA,sspA,rpmG,fabI,aceF,gmhA,rplR,rplU,rplT,sucC,gpmI,sucD,rplN,sucA,nfuA,ppsA,gapA,rplW,rplY,rplC,rplB,rplE,srmB,clpP,rplJ,prfA,cpxR,rplM,hns,gpmA,rplF,fabD,pnp,aceA,fabB,fdhE,gltX,dnaK,dnaJ,tpiA,osmY,gmk,rpoB,rpoA,gcvP,rpoC,lacI,gcvT,csrA,gnd,pckA,dxs,deaD,rbsA,cspA,ompR,uxuA,suhB,argS,basR,tig,greA,gatD,pepN,adk,miaB,glyS,infB,prs,infA,infC,fumA,pheT,hscB,glyA,pepD,rpsJ,ileS,ilvD,rpsI,rpsF,rpsE,hisI,rpsG,rpsR,rpsQ,rpsT,pykA,iscS,ppiA,iscU,rpsM,ppiB,rpsP,rpsO,lpdA,ydfG,trpS,rpsA,rpsD,rpsC,purU,sdhA,purA,trpB,mnmA,eno,yegP,prlC,rho,rbfA,cysK,yjdC,glnB,agp,mtlD,fusA,evgS,tmk,ycfH,cysS,acnA,acnB,glmS,glmU,dapB,putA,frr,yeiP,hisS,tktA,upp,rpsU,narL,dapD,yidR,rsmG,tyrS,alaS,raiA,pgk,truB,rfbB,frmR,valS,atpA,atpD,atpC,panC,proS,fkpA,asnS,bepA,kdsB,fur,rpiA,aroG,nuoC,phoQ,queF,fbaA,pfkA,pfkB,hslO,dhaK,aspC,rne,glpK,mdh,yciH,ftsH,cmoB,rnr,mug,udp,gltA,tsf,serS,surA,rof,tnaA,accB,uup,htpG,clpB,kdgR,deoB,crp,pyrG,pyrH,efp,yqgF,galS,seqA,pflB,",1.61E-09
Biological process,nucleoside triphosphate biosynthetic process,GO:0009142,9,3.18E-11,6.662686567,16,25,268,2790,"gpmI,gapA,gpmA,tpiA,pykA,eno,tmk,pgk,atpA,atpD,atpC,fbaA,pfkA,pfkB,mdh,pyrG,",2.15E-09
Biological process,cellular metabolic process,GO:0044237,3,1.18E-10,1.265037688,218,1794,268,2790,"arcA,msrB,nusA,sspA,hmp,rpmG,fabI,aceF,gmhA,rplR,rplU,rplT,sucC,gpmI,sucD,rplN,sucA,nfuA,frdA,ppsA,gapA,katG,rplW,rplY,rplC,rplB,rplE,srmB,clpP,rplJ,prfA,cpxR,rplM,hns,gpmA,rplF,fabD,pnp,aceA,fabB,fdhE,gltX,dnaK,dnaJ,tpiA,osmY,gmk,rpoB,rpoA,gcvP,rpoC,lacI,gcvT,csrA,gnd,dxs,deaD,cspA,ompR,uxuA,ubiE,suhB,icd,argS,basR,tig,greA,gatD,ribA,pepN,adk,miaB,glyS,infB,prs,infA,infC,fumA,pheT,hscB,glyA,pepD,rpsJ,ileS,ilvD,rpsI,rpsF,rpsE,hisI,rpsG,rpsR,rpsQ,rpsT,pykA,iscS,ppiA,iscU,rpsM,ppiB,rpsP,rpsO,lpdA,ydfG,trpS,rpsA,rpsD,rpsC,purU,sdhA,purA,trpB,mnmA,eno,yegP,prlC,gshA,rho,rbfA,cysK,cysH,yjdC,glnB,agp,mtlD,fusA,evgS,tmk,ycfH,cysS,acnA,acnB,glmS,menE,glmU,menC,dapB,putA,frr,yeiP,hisS,tktA,upp,rpsU,nirB,narL,dapD,yidR,rsmG,tyrS,alaS,raiA,pgk,nemA,truB,rfbB,frmR,valS,gloA,atpA,atpD,atpC,panC,proS,fkpA,cydB,asnS,bepA,kdsB,fdx,fur,rpiA,aroG,nuoC,nuoB,murD,pdxB,sodC,aroA,phoQ,sodB,queF,fbaA,pfkA,pfkB,hslO,dhaL,dhaK,aspC,rne,dkgA,glpK,mdh,yciH,cmoB,rnr,mug,udp,gltA,tsf,serS,yjjX,surA,rof,tnaA,accB,uup,htpG,kdgR,deoB,crp,pdxY,pyrG,pyrH,efp,yqgF,galS,seqA,pflB,",7.59E-09
Biological process,ribonucleoside triphosphate biosynthetic process,GO:0009201,10,2.23E-10,6.506529851,15,24,268,2790,"gpmI,gapA,gpmA,tpiA,pykA,eno,pgk,atpA,atpD,atpC,fbaA,pfkA,pfkB,mdh,pyrG,",1.36E-08
Biological process,protein-RNA complex assembly,GO:0022618,7,3.46E-10,4.404420207,22,52,268,2790,"rpmG,rplT,rplW,rplY,rplC,rplB,rplE,srmB,rplF,deaD,infC,rpsE,rpsG,rpsQ,rpsT,rpsP,rpsO,rpsA,rpsD,rpsC,rpsU,yciH,",2.01E-08
Biological process,protein-RNA complex organization,GO:0071826,6,5.41E-10,4.321317939,22,53,268,2790,"rpmG,rplT,rplW,rplY,rplC,rplB,rplE,srmB,rplF,deaD,infC,rpsE,rpsG,rpsQ,rpsT,rpsP,rpsO,rpsA,rpsD,rpsC,rpsU,yciH,",3.00E-08
Biological process,ATP biosynthetic process,GO:0006754,12,6.52E-10,6.624830393,14,22,268,2790,"gpmI,gapA,gpmA,tpiA,pykA,eno,pgk,atpA,atpD,atpC,fbaA,pfkA,pfkB,mdh,",3.46E-08
Biological process,nucleoside diphosphate metabolic process,GO:0009132,8,6.52E-10,6.624830393,14,22,268,2790,"gpmI,gapA,gpmA,tpiA,gmk,adk,pykA,eno,tmk,pgk,fbaA,pfkA,pfkB,mdh,",3.46E-08
Biological process,purine nucleoside triphosphate biosynthetic process,GO:0009145,10,1.52E-09,6.336794289,14,23,268,2790,"gpmI,gapA,gpmA,tpiA,pykA,eno,pgk,atpA,atpD,atpC,fbaA,pfkA,pfkB,mdh,",7.45E-08
Biological process,purine ribonucleoside triphosphate biosynthetic process,GO:0009206,11,1.52E-09,6.336794289,14,23,268,2790,"gpmI,gapA,gpmA,tpiA,pykA,eno,pgk,atpA,atpD,atpC,fbaA,pfkA,pfkB,mdh,",7.45E-08
Biological process,purine nucleoside monophosphate metabolic process,GO:0009126,9,1.61E-09,4.931264729,18,38,268,2790,"gpmI,gapA,gpmA,tpiA,gmk,adk,pykA,purA,eno,pgk,atpA,atpD,atpC,nuoC,fbaA,pfkA,pfkB,mdh,",7.26E-08
Biological process,purine ribonucleoside monophosphate metabolic process,GO:0009167,10,1.61E-09,4.931264729,18,38,268,2790,"gpmI,gapA,gpmA,tpiA,gmk,adk,pykA,purA,eno,pgk,atpA,atpD,atpC,nuoC,fbaA,pfkA,pfkB,mdh,",7.26E-08
Biological process,ribonucleoside monophosphate biosynthetic process,GO:0009156,10,1.61E-09,5.205223881,17,34,268,2790,"gpmI,gapA,gpmA,tpiA,adk,pykA,purA,eno,upp,pgk,atpA,atpD,atpC,fbaA,pfkA,pfkB,mdh,",6.79E-08
Biological process,nucleoside monophosphate metabolic process,GO:0009123,8,1.63E-09,4.28665496,21,51,268,2790,"gpmI,gapA,gpmA,tpiA,gmk,adk,pykA,purA,eno,tmk,upp,pgk,atpA,atpD,atpC,nuoC,fbaA,pfkA,pfkB,mdh,pyrH,",6.65E-08
Biological process,purine nucleoside diphosphate metabolic process,GO:0009135,9,1.88E-09,6.766791045,13,20,268,2790,"gpmI,gapA,gpmA,tpiA,gmk,adk,pykA,eno,pgk,fbaA,pfkA,pfkB,mdh,",7.42E-08
Biological process,purine ribonucleoside diphosphate metabolic process,GO:0009179,10,1.88E-09,6.766791045,13,20,268,2790,"gpmI,gapA,gpmA,tpiA,gmk,adk,pykA,eno,pgk,fbaA,pfkA,pfkB,mdh,",7.42E-08
Biological process,ribonucleoside diphosphate metabolic process,GO:0009185,9,1.88E-09,6.766791045,13,20,268,2790,"gpmI,gapA,gpmA,tpiA,gmk,adk,pykA,eno,pgk,fbaA,pfkA,pfkB,mdh,",7.42E-08
Biological process,obsolete cellular macromolecule biosynthetic process,GO:0034645,0,2.35E-09,1.958955224,70,372,268,2790,"nusA,rpmG,gmhA,rplR,rplU,rplT,rplN,rplW,rplY,rplC,rplB,rplE,rplJ,prfA,rplM,rplF,gltX,dnaJ,rpoB,rpoA,rpoC,cspA,argS,greA,adk,glyS,infB,infA,infC,pheT,rpsJ,ileS,rpsI,rpsF,rpsE,rpsG,rpsR,rpsQ,rpsT,rpsM,rpsP,rpsO,trpS,rpsA,rpsD,rpsC,prlC,rho,fusA,cysS,glmS,glmU,frr,yeiP,hisS,rpsU,tyrS,alaS,rfbB,valS,proS,asnS,kdsB,murD,yciH,tsf,serS,crp,efp,galS,",8.45E-08
Biological process,ribonucleoside monophosphate metabolic process,GO:0009161,9,2.42E-09,4.59996529,19,43,268,2790,"gpmI,gapA,gpmA,tpiA,gmk,adk,pykA,purA,eno,upp,pgk,atpA,atpD,atpC,nuoC,fbaA,pfkA,pfkB,mdh,",8.43E-08
Biological process,purine nucleoside monophosphate biosynthetic process,GO:0009127,10,2.73E-09,5.373134328,16,31,268,2790,"gpmI,gapA,gpmA,tpiA,adk,pykA,purA,eno,pgk,atpA,atpD,atpC,fbaA,pfkA,pfkB,mdh,",9.27E-08
Biological process,purine ribonucleoside monophosphate biosynthetic process,GO:0009168,11,2.73E-09,5.373134328,16,31,268,2790,"gpmI,gapA,gpmA,tpiA,adk,pykA,purA,eno,pgk,atpA,atpD,atpC,fbaA,pfkA,pfkB,mdh,",9.27E-08
Biological process,tRNA aminoacylation,GO:0043039,10,3.35E-09,6.072761194,14,24,268,2790,"gltX,argS,glyS,pheT,ileS,trpS,cysS,hisS,tyrS,alaS,valS,proS,asnS,serS,",1.08E-07
Biological process,tRNA aminoacylation for protein translation,GO:0006418,11,3.35E-09,6.072761194,14,24,268,2790,"gltX,argS,glyS,pheT,ileS,trpS,cysS,hisS,tyrS,alaS,valS,proS,asnS,serS,",1.08E-07
Biological process,protein-containing complex organization,GO:0043933,5,4.41E-09,2.414794584,45,194,268,2790,"nusA,rpmG,fabI,wrbA,rplT,rplW,rplY,rplC,rplB,rplE,srmB,prfA,rplF,dnaK,dnaJ,deaD,cspA,infC,rpsJ,rpsE,rpsG,rpsQ,rpsT,pykA,rpsP,cpoB,rpsO,rpsA,rpsD,rpsC,zapA,yrdA,menE,frr,rpsU,maa,pfkA,ftsZ,rne,yciH,cmoB,udp,rof,tnaA,seqA,",1.35E-07
Biological process,ATP metabolic process,GO:0046034,11,4.47E-09,5.577025586,15,28,268,2790,"gpmI,gapA,gpmA,tpiA,pykA,eno,pgk,atpA,atpD,atpC,nuoC,fbaA,pfkA,pfkB,mdh,",1.33E-07
Biological process,purine ribonucleotide biosynthetic process,GO:0009152,11,4.92E-09,4.249162352,20,49,268,2790,"aceF,gpmI,gapA,gpmA,tpiA,adk,prs,pykA,lpdA,purU,purA,eno,pgk,atpA,atpD,atpC,fbaA,pfkA,pfkB,mdh,",1.43E-07
Biological process,ribosome assembly,GO:0042255,8,4.92E-09,4.249162352,20,49,268,2790,"rpmG,rplT,rplW,rplY,rplC,rplB,rplE,srmB,rplF,deaD,rpsE,rpsG,rpsQ,rpsT,rpsP,rpsO,rpsA,rpsD,rpsC,rpsU,",1.43E-07
Biological process,pyruvate biosynthetic process,GO:0042866,9,5.10E-09,7.634328358,11,15,268,2790,"gpmI,gapA,gpmA,tpiA,pykA,eno,pgk,fbaA,pfkA,pfkB,mdh,",1.41E-07
Biological process,glycolytic process,GO:0006096,9,5.10E-09,7.634328358,11,15,268,2790,"gpmI,gapA,gpmA,tpiA,pykA,eno,pgk,fbaA,pfkA,pfkB,mdh,",1.41E-07
Biological process,cellular component assembly,GO:0022607,5,5.75E-09,2.263140818,50,230,268,2790,"minE,rpmG,fabI,wrbA,rplT,nfuA,frdA,rplW,rplY,rplC,rplB,rplE,srmB,rplF,dnaK,dnaJ,deaD,infC,rpsE,rpsG,rpsQ,rpsT,pykA,iscS,iscU,rpsP,cpoB,rpsO,rpsA,rpsD,rpsC,zapA,yrdA,menE,rpsU,maa,bepA,fdx,pfkA,ftsZ,rne,yciH,cmoB,udp,surA,tnaA,bamE,bamC,bamA,seqA,",1.53E-07
Biological process,organelle assembly,GO:0070925,6,6.14E-09,3.881861877,22,59,268,2790,"rpmG,rplT,frdA,rplW,rplY,rplC,rplB,rplE,srmB,rplF,deaD,rpsE,rpsG,rpsQ,rpsT,rpsP,rpsO,rpsA,rpsD,rpsC,zapA,rpsU,",1.59E-07
Biological process,non-membrane-bounded organelle assembly,GO:0140694,7,6.14E-09,3.881861877,22,59,268,2790,"rpmG,rplT,frdA,rplW,rplY,rplC,rplB,rplE,srmB,rplF,deaD,rpsE,rpsG,rpsQ,rpsT,rpsP,rpsO,rpsA,rpsD,rpsC,zapA,rpsU,",1.59E-07
Biological process,amino acid activation,GO:0043038,8,6.96E-09,5.829850746,14,25,268,2790,"gltX,argS,glyS,pheT,ileS,trpS,cysS,hisS,tyrS,alaS,valS,proS,asnS,serS,",1.73E-07
Biological process,macromolecule biosynthetic process,GO:0009059,5,7.24E-09,1.572701333,113,748,268,2790,"arcA,nusA,sspA,rpmG,gmhA,rplR,rplU,rplT,rplN,nfuA,rplW,rplY,rplC,rplB,rplE,rplJ,prfA,cpxR,rplM,hns,rplF,pnp,fdhE,gltX,dnaK,dnaJ,osmY,rpoB,rpoA,rpoC,lacI,csrA,deaD,cspA,ompR,argS,basR,tig,greA,adk,miaB,glyS,infB,infA,infC,pheT,hscB,rpsJ,ileS,rpsI,rpsF,rpsE,rpsG,rpsR,rpsQ,rpsT,iscS,iscU,rpsM,rpsP,rpsO,trpS,rpsA,rpsD,rpsC,mnmA,prlC,rho,rbfA,yjdC,fusA,cysS,acnB,glmS,glmU,putA,frr,yeiP,hisS,tktA,rpsU,narL,rsmG,tyrS,alaS,raiA,truB,rfbB,frmR,valS,proS,fkpA,asnS,bepA,kdsB,fur,murD,hslO,rne,yciH,cmoB,rnr,tsf,serS,surA,rof,htpG,kdgR,crp,efp,yqgF,galS,seqA,",1.77E-07
Biological process,ribonucleotide biosynthetic process,GO:0009260,10,8.86E-09,3.817164179,22,60,268,2790,"aceF,gpmI,gapA,gpmA,tpiA,adk,prs,pykA,lpdA,purU,purA,eno,upp,pgk,atpA,atpD,atpC,fbaA,pfkA,pfkB,mdh,pyrG,",2.12E-07
Biological process,organic substance metabolic process,GO:0071704,3,1.01E-08,1.241721016,211,1769,268,2790,"arcA,msrB,nusA,sspA,rpmG,fabI,aceF,gmhA,rplR,rplU,rplT,sucC,gpmI,sucD,rplN,sucA,nfuA,ppsA,gapA,katG,rplW,rplY,rplC,rplB,rplE,srmB,clpP,rplJ,prfA,cpxR,rplM,hns,gpmA,rplF,fabD,pnp,aceA,fabB,fdhE,gltX,dnaK,dnaJ,tpiA,osmY,gmk,rpoB,rpoA,gcvP,rpoC,lacI,gcvT,csrA,gnd,pckA,dxs,deaD,rbsA,cspA,ompR,uxuA,ubiE,suhB,argS,basR,tig,greA,gatD,ribA,pepN,adk,miaB,glyS,infB,prs,infA,infC,fumA,pheT,hscB,glyA,pepD,rpsJ,ileS,ilvD,rpsI,rpsF,rpsE,hisI,rpsG,rpsR,rpsQ,rpsT,pykA,iscS,ppiA,iscU,rpsM,ppiB,rpsP,rpsO,lpdA,ydfG,trpS,rpsA,rpsD,rpsC,purU,sdhA,purA,trpB,mnmA,eno,yegP,prlC,gshA,rho,rbfA,cysK,yjdC,glnB,agp,mtlD,fusA,evgS,tmk,ycfH,cysS,acnA,acnB,glmS,menE,glmU,menC,dapB,putA,frr,yeiP,hisS,tktA,upp,rpsU,narL,dapD,yidR,rsmG,tyrS,alaS,raiA,pgk,nemA,truB,rfbB,frmR,valS,gloA,atpA,atpD,atpC,panC,proS,fkpA,asnS,bepA,kdsB,fur,rpiA,aroG,nuoC,murD,pdxB,aroA,phoQ,queF,fbaA,pfkA,pfkB,hslO,dhaK,aspC,rne,dkgA,glpK,mdh,yciH,ftsH,cmoB,rnr,mug,udp,gltA,tsf,serS,yjjX,surA,rof,tnaA,accB,uup,htpG,clpB,kdgR,deoB,crp,pdxY,pyrG,pyrH,efp,yqgF,galS,seqA,pflB,",2.38E-07
Biological process,ribose phosphate biosynthetic process,GO:0046390,7,1.27E-08,3.754587717,22,61,268,2790,"aceF,gpmI,gapA,gpmA,tpiA,adk,prs,pykA,lpdA,purU,purA,eno,upp,pgk,atpA,atpD,atpC,fbaA,pfkA,pfkB,mdh,pyrG,",2.92E-07
Biological process,ADP metabolic process,GO:0046031,11,1.33E-08,6.575019639,12,19,268,2790,"gpmI,gapA,gpmA,tpiA,adk,pykA,eno,pgk,fbaA,pfkA,pfkB,mdh,",3.01E-07
Biological process,nucleoside monophosphate biosynthetic process,GO:0009124,9,1.39E-08,4.657305577,17,38,268,2790,"gpmI,gapA,gpmA,tpiA,adk,pykA,purA,eno,upp,pgk,atpA,atpD,atpC,fbaA,pfkA,pfkB,mdh,",3.09E-07
Biological process,obsolete ATP generation from ADP,GO:0006757,0,1.49E-08,7.157182836,11,16,268,2790,"gpmI,gapA,gpmA,tpiA,pykA,eno,pgk,fbaA,pfkA,pfkB,mdh,",3.26E-07
Biological process,ribose phosphate metabolic process,GO:0019693,6,1.50E-08,3.194114654,27,88,268,2790,"aceF,gpmI,gapA,gpmA,tpiA,gmk,gnd,adk,prs,pykA,lpdA,purU,purA,eno,tktA,upp,pgk,atpA,atpD,atpC,rpiA,nuoC,fbaA,pfkA,pfkB,mdh,pyrG,",3.22E-07
Biological process,ribonucleoside triphosphate metabolic process,GO:0009199,9,1.53E-08,4.899034241,16,34,268,2790,"gpmI,gapA,gpmA,tpiA,pykA,eno,pgk,atpA,atpD,atpC,nuoC,fbaA,pfkA,pfkB,mdh,pyrG,",3.23E-07
Biological process,ribonucleoprotein complex biogenesis,GO:0022613,5,1.66E-08,3.10098444,28,94,268,2790,"rpmG,rplT,rplW,rplY,rplC,rplB,rplE,srmB,rplF,deaD,infC,rpsI,rpsE,rpsG,rpsQ,rpsT,rpsM,rpsP,rpsO,rpsA,rpsD,rpsC,rbfA,rpsU,rsmG,rne,yciH,yqgF,",3.44E-07
Biological process,nucleoside triphosphate metabolic process,GO:0009141,8,2.25E-08,4.537887486,17,39,268,2790,"gpmI,gapA,gpmA,tpiA,pykA,eno,tmk,pgk,atpA,atpD,atpC,nuoC,fbaA,pfkA,pfkB,mdh,pyrG,",4.59E-07
Biological process,obsolete nucleoside diphosphate phosphorylation,GO:0006165,0,3.87E-08,6.736172081,11,17,268,2790,"gpmI,gapA,gpmA,tpiA,pykA,eno,pgk,fbaA,pfkA,pfkB,mdh,",7.75E-07
Biological process,small molecule metabolic process,GO:0044281,3,4.55E-08,1.579198998,103,679,268,2790,"fabI,aceF,sucC,gpmI,sucA,ppsA,gapA,gpmA,fabD,aceA,fabB,gltX,tpiA,gmk,gcvP,gcvT,csrA,gnd,pckA,dxs,rbsA,uxuA,ubiE,suhB,argS,gatD,ribA,adk,glyS,prs,fumA,pheT,glyA,ileS,ilvD,hisI,pykA,lpdA,ydfG,trpS,purU,sdhA,purA,trpB,eno,cysK,glnB,agp,mtlD,tmk,cysS,acnA,acnB,glmS,menE,glmU,menC,dapB,putA,hisS,tktA,upp,narL,dapD,yidR,tyrS,alaS,pgk,rfbB,valS,gloA,atpA,atpD,atpC,panC,proS,asnS,kdsB,rpiA,aroG,nuoC,pdxB,aroA,queF,fbaA,pfkA,pfkB,dhaK,aspC,dkgA,glpK,mdh,udp,gltA,serS,yjjX,tnaA,accB,deoB,pdxY,pyrG,pyrH,pflB,",8.96E-07
Biological process,purine ribonucleoside triphosphate metabolic process,GO:0009205,10,4.72E-08,4.879897388,15,32,268,2790,"gpmI,gapA,gpmA,tpiA,pykA,eno,pgk,atpA,atpD,atpC,nuoC,fbaA,pfkA,pfkB,mdh,",9.15E-07
Biological process,purine ribonucleotide metabolic process,GO:0009150,10,4.86E-08,3.523536165,22,65,268,2790,"aceF,gpmI,gapA,gpmA,tpiA,gmk,adk,prs,pykA,lpdA,purU,purA,eno,pgk,atpA,atpD,atpC,nuoC,fbaA,pfkA,pfkB,mdh,",9.28E-07
Biological process,pyruvate metabolic process,GO:0006090,8,8.48E-08,5.025733402,14,29,268,2790,"aceF,gpmI,gapA,gpmA,tpiA,dxs,pykA,lpdA,eno,pgk,fbaA,pfkA,pfkB,mdh,",1.59E-06
Biological process,obsolete nucleotide phosphorylation,GO:0046939,0,9.12E-08,6.361940299,11,18,268,2790,"gpmI,gapA,gpmA,tpiA,pykA,eno,pgk,fbaA,pfkA,pfkB,mdh,",1.69E-06
Biological process,ribonucleotide metabolic process,GO:0009259,9,1.24E-07,3.162667674,24,79,268,2790,"aceF,gpmI,gapA,gpmA,tpiA,gmk,adk,prs,pykA,lpdA,purU,purA,eno,upp,pgk,atpA,atpD,atpC,nuoC,fbaA,pfkA,pfkB,mdh,pyrG,",2.26E-06
Biological process,cellular response to chemical stimulus,GO:0070887,4,1.35E-07,2.013699749,53,274,268,2790,"hmp,fabI,sucC,gpmI,sucA,ahpC,gapA,katG,gpmA,dnaK,tpiA,gcvP,gcvT,bcp,dxs,yggX,osmC,gor,ribA,ygiW,fumA,glyA,uspE,pykA,lpdA,ydfG,sdhA,purA,eno,gshA,copA,acnA,acnB,tktA,pgk,nemA,atpA,atpD,atpC,nuoC,pdxB,sodC,sodB,fbaA,pfkA,pfkB,aspC,mdh,gltA,yjjX,crp,pdxY,trxB,",2.42E-06
Biological process,ribosome biogenesis,GO:0042254,6,1.44E-07,2.974413646,26,91,268,2790,"rpmG,rplT,rplW,rplY,rplC,rplB,rplE,srmB,rplF,deaD,rpsI,rpsE,rpsG,rpsQ,rpsT,rpsM,rpsP,rpsO,rpsA,rpsD,rpsC,rbfA,rpsU,rsmG,rne,yqgF,",2.55E-06
Biological process,protein-containing complex assembly,GO:0065003,6,1.50E-07,2.333376222,39,174,268,2790,"rpmG,fabI,wrbA,rplT,rplW,rplY,rplC,rplB,rplE,srmB,rplF,dnaK,dnaJ,deaD,infC,rpsE,rpsG,rpsQ,rpsT,pykA,rpsP,cpoB,rpsO,rpsA,rpsD,rpsC,zapA,yrdA,menE,rpsU,maa,pfkA,ftsZ,rne,yciH,cmoB,udp,tnaA,seqA,",2.62E-06
Biological process,cellular component biogenesis,GO:0044085,4,2.07E-07,1.926608839,57,308,268,2790,"minE,rpmG,fabI,wrbA,rplT,nfuA,frdA,rplW,rplY,rplC,rplB,rplE,srmB,rplF,dnaK,dnaJ,deaD,infC,rpsI,rpsE,rpsG,rpsQ,rpsT,pykA,iscS,iscU,rpsM,rpsP,cpoB,rpsO,rpsA,rpsD,rpsC,rbfA,zapA,yrdA,menE,glmU,rpsU,maa,rsmG,bepA,fdx,murD,pfkA,ftsZ,rne,yciH,cmoB,udp,surA,tnaA,bamE,bamC,bamA,yqgF,seqA,",3.56E-06
Biological process,purine nucleoside triphosphate metabolic process,GO:0009144,9,2.07E-07,4.461620469,15,35,268,2790,"gpmI,gapA,gpmA,tpiA,pykA,eno,pgk,atpA,atpD,atpC,nuoC,fbaA,pfkA,pfkB,mdh,",3.52E-06
Biological process,cellular component organization,GO:0016043,4,3.78E-07,1.881015483,58,321,268,2790,"minE,nusA,rpmG,fabI,wrbA,rplT,nfuA,frdA,rplW,secY,rplY,rplC,rplB,rplE,srmB,prfA,rplF,dnaK,dnaJ,deaD,cspA,infC,rpsJ,rpsE,rpsG,rpsQ,rpsT,pykA,iscS,iscU,rpsP,cpoB,rpsO,rpsA,rpsD,rpsC,zapA,yrdA,menE,frr,rpsU,maa,bepA,fdx,yifE,pfkA,ftsZ,rne,yciH,cmoB,udp,surA,rof,tnaA,bamE,bamC,bamA,seqA,",6.32E-06
Biological process,purine nucleotide biosynthetic process,GO:0006164,10,5.01E-07,3.358208955,20,62,268,2790,"aceF,gpmI,gapA,gpmA,tpiA,adk,prs,pykA,lpdA,purU,purA,eno,pgk,atpA,atpD,atpC,fbaA,pfkA,pfkB,mdh,",8.26E-06
Biological process,cytoplasmic translation,GO:0002181,9,5.16E-07,9.109141791,7,8,268,2790,"rplB,rplF,infC,rpsA,rpsC,frr,yciH,",8.40E-06
Biological process,purine nucleotide metabolic process,GO:0006163,9,5.84E-07,2.860013121,25,91,268,2790,"aceF,gpmI,gapA,gpmA,tpiA,gmk,gnd,adk,prs,pykA,lpdA,purU,purA,eno,tktA,pgk,atpA,atpD,atpC,rpiA,nuoC,fbaA,pfkA,pfkB,mdh,",9.38E-06
Biological process,organelle organization,GO:0006996,5,5.84E-07,2.860013121,25,91,268,2790,"rpmG,rplT,frdA,rplW,rplY,rplC,rplB,rplE,srmB,rplF,deaD,infC,rpsE,rpsG,rpsQ,rpsT,rpsP,rpsO,rpsA,rpsD,rpsC,zapA,rpsU,yifE,seqA,",9.38E-06
Biological process,pyridine-containing compound metabolic process,GO:0072524,5,5.92E-07,3.765481105,17,47,268,2790,"gpmI,gapA,gpmA,tpiA,gnd,dxs,pykA,eno,tktA,pgk,rpiA,pdxB,fbaA,pfkA,pfkB,mdh,pdxY,",9.27E-06
Biological process,nucleotide catabolic process,GO:0009166,9,8.07E-07,4.997014925,12,25,268,2790,"gpmI,gapA,gpmA,tpiA,pykA,eno,pgk,fbaA,pfkA,pfkB,mdh,deoB,",1.25E-05
Biological process,ribosomal small subunit biogenesis,GO:0042274,6,8.07E-07,4.997014925,12,25,268,2790,"rpsI,rpsE,rpsG,rpsQ,rpsT,rpsP,rpsO,rpsA,rpsD,rpsC,rbfA,rpsU,",1.25E-05
Biological process,purine-containing compound biosynthetic process,GO:0072522,6,8.92E-07,3.253264925,20,64,268,2790,"aceF,gpmI,gapA,gpmA,tpiA,adk,prs,pykA,lpdA,purU,purA,eno,pgk,atpA,atpD,atpC,fbaA,pfkA,pfkB,mdh,",1.34E-05
Biological process,nucleoside phosphate biosynthetic process,GO:1901293,8,9.17E-07,2.798507463,25,93,268,2790,"aceF,gpmI,gapA,gpmA,tpiA,gmk,adk,prs,pykA,lpdA,purU,purA,eno,tmk,upp,pgk,atpA,atpD,atpC,fbaA,pfkA,pfkB,mdh,pyrG,pyrH,",1.37E-05
Biological process,nucleotide biosynthetic process,GO:0009165,9,9.17E-07,2.798507463,25,93,268,2790,"aceF,gpmI,gapA,gpmA,tpiA,gmk,adk,prs,pykA,lpdA,purU,purA,eno,tmk,upp,pgk,atpA,atpD,atpC,fbaA,pfkA,pfkB,mdh,pyrG,pyrH,",1.37E-05
Biological process,nucleoside phosphate catabolic process,GO:1901292,8,1.37E-06,4.804822044,12,26,268,2790,"gpmI,gapA,gpmA,tpiA,pykA,eno,pgk,fbaA,pfkA,pfkB,mdh,deoB,",1.99E-05
Biological process,cellular response to xenobiotic stimulus,GO:0071466,5,1.41E-06,2.10260275,41,203,268,2790,"hmp,fabI,sucC,gpmI,sucA,gapA,katG,gpmA,tpiA,gcvP,gcvT,dxs,ribA,ygiW,fumA,glyA,uspE,pykA,lpdA,ydfG,sdhA,purA,eno,acnA,acnB,tktA,pgk,nemA,atpA,atpD,atpC,nuoC,pdxB,fbaA,pfkA,pfkB,aspC,mdh,gltA,yjjX,pdxY,",2.02E-05
Biological process,cellular component organization or biogenesis,GO:0071840,3,1.42E-06,1.735074627,65,390,268,2790,"minE,nusA,rpmG,fabI,wrbA,rplT,nfuA,frdA,rplW,secY,rplY,rplC,rplB,rplE,srmB,prfA,rplF,dnaK,dnaJ,deaD,cspA,infC,rpsJ,rpsI,rpsE,rpsG,rpsQ,rpsT,pykA,iscS,iscU,rpsM,rpsP,cpoB,rpsO,rpsA,rpsD,rpsC,rbfA,zapA,yrdA,menE,glmU,frr,rpsU,maa,rsmG,bepA,fdx,murD,yifE,pfkA,ftsZ,rne,yciH,cmoB,udp,surA,rof,tnaA,bamE,bamC,bamA,yqgF,seqA,",2.01E-05
Biological process,pyridine-containing compound biosynthetic process,GO:0072525,6,1.49E-06,4.164179104,14,35,268,2790,"gpmI,gapA,gpmA,tpiA,dxs,pykA,eno,pgk,pdxB,fbaA,pfkA,pfkB,mdh,pdxY,",2.09E-05
Biological process,regulation of amide metabolic process,GO:0034248,6,1.65E-06,3.90391791,15,40,268,2790,"rplT,rplY,rplJ,rplM,gpmA,csrA,deaD,infC,rpsG,rpsA,rpsD,acnB,raiA,valS,efp,",2.28E-05
Biological process,nucleobase-containing small molecule biosynthetic process,GO:0034404,7,1.68E-06,3.701492537,16,45,268,2790,"gpmI,gapA,gpmA,tpiA,pykA,purA,eno,upp,pgk,queF,fbaA,pfkA,pfkB,mdh,deoB,pyrG,",2.31E-05
Biological process,nucleotide metabolic process,GO:0009117,8,1.77E-06,2.439948694,30,128,268,2790,"aceF,gpmI,gapA,gpmA,tpiA,gmk,gnd,adk,prs,pykA,lpdA,purU,purA,eno,tmk,tktA,upp,pgk,atpA,atpD,atpC,rpiA,nuoC,fbaA,pfkA,pfkB,mdh,deoB,pyrG,pyrH,",2.40E-05
Biological process,nucleoside phosphate metabolic process,GO:0006753,7,2.10E-06,2.421034363,30,129,268,2790,"aceF,gpmI,gapA,gpmA,tpiA,gmk,gnd,adk,prs,pykA,lpdA,purU,purA,eno,tmk,tktA,upp,pgk,atpA,atpD,atpC,rpiA,nuoC,fbaA,pfkA,pfkB,mdh,deoB,pyrG,pyrH,",2.82E-05
Biological process,ribosomal small subunit assembly,GO:0000028,8,2.40E-06,5.479183032,10,19,268,2790,"rpsE,rpsG,rpsQ,rpsT,rpsP,rpsO,rpsA,rpsD,rpsC,rpsU,",3.19E-05
Biological process,nicotinamide nucleotide metabolic process,GO:0046496,10,3.27E-06,3.939088342,14,37,268,2790,"gpmI,gapA,gpmA,tpiA,gnd,pykA,eno,tktA,pgk,rpiA,fbaA,pfkA,pfkB,mdh,",4.30E-05
Biological process,pyridine nucleotide metabolic process,GO:0019362,9,4.74E-06,3.835428123,14,38,268,2790,"gpmI,gapA,gpmA,tpiA,gnd,pykA,eno,tktA,pgk,rpiA,fbaA,pfkA,pfkB,mdh,",6.16E-05
Biological process,regulation of translation,GO:0006417,10,6.77E-06,3.737083812,14,39,268,2790,"rplT,rplY,rplJ,rplM,csrA,deaD,infC,rpsG,rpsA,rpsD,acnB,raiA,valS,efp,",8.70E-05
Biological process,nicotinamide nucleotide biosynthetic process,GO:0019359,11,6.88E-06,4.580597015,11,25,268,2790,"gpmI,gapA,gpmA,tpiA,pykA,eno,pgk,fbaA,pfkA,pfkB,mdh,",8.76E-05
Biological process,xenobiotic metabolic process,GO:0006805,4,6.90E-06,2.049725466,38,193,268,2790,"hmp,fabI,sucC,gpmI,sucA,gapA,katG,gpmA,tpiA,gcvP,gcvT,dxs,ribA,fumA,glyA,pykA,lpdA,ydfG,sdhA,purA,eno,acnA,acnB,pgk,nemA,atpA,atpD,atpC,nuoC,pdxB,fbaA,pfkA,pfkB,aspC,mdh,gltA,yjjX,pdxY,",8.69E-05
Biological process,nucleobase-containing small molecule metabolic process,GO:0055086,6,8.54E-06,2.082089552,36,180,268,2790,"aceF,gpmI,gapA,gpmA,tpiA,gmk,gnd,adk,prs,pykA,lpdA,ydfG,purU,purA,eno,tmk,glmS,glmU,tktA,upp,pgk,rfbB,atpA,atpD,atpC,rpiA,nuoC,queF,fbaA,pfkA,pfkB,mdh,udp,deoB,pyrG,pyrH,",1.06E-04
Biological process,purine-containing compound metabolic process,GO:0072521,5,1.02E-05,2.478678038,25,105,268,2790,"aceF,gpmI,gapA,gpmA,tpiA,gmk,gnd,adk,prs,pykA,lpdA,purU,purA,eno,tktA,pgk,atpA,atpD,atpC,rpiA,nuoC,fbaA,pfkA,pfkB,mdh,",1.25E-04
Biological process,pyridine nucleotide biosynthetic process,GO:0019363,10,1.09E-05,4.404420207,11,26,268,2790,"gpmI,gapA,gpmA,tpiA,pykA,eno,pgk,fbaA,pfkA,pfkB,mdh,",1.33E-04
Biological process,obsolete oxidoreduction coenzyme metabolic process,GO:0006733,0,1.89E-05,3.142776683,16,53,268,2790,"gpmI,gapA,gpmA,tpiA,gnd,dxs,ubiE,pykA,eno,tktA,pgk,rpiA,fbaA,pfkA,pfkB,mdh,",2.29E-04
Biological process,generation of precursor metabolites and energy,GO:0006091,4,1.96E-05,2.18401002,30,143,268,2790,"sucC,gpmI,sucA,frdA,gapA,gpmA,fdhE,tpiA,csrA,gnd,icd,fumA,pykA,sdhA,eno,acnA,acnB,tktA,nirB,pgk,cydB,fdx,rpiA,nuoC,nuoB,fbaA,pfkA,pfkB,mdh,gltA,",2.34E-04
Biological process,post-transcriptional regulation of gene expression,GO:0010608,9,3.31E-05,3.312415197,14,44,268,2790,"rplT,rplY,rplJ,rplM,csrA,deaD,infC,rpsG,rpsA,rpsD,acnB,raiA,valS,efp,",3.92E-04
Biological process,oxoacid metabolic process,GO:0043436,5,3.45E-05,1.593944155,64,418,268,2790,"fabI,aceF,sucC,gpmI,sucA,gapA,gpmA,fabD,aceA,fabB,gltX,tpiA,gcvP,gcvT,gnd,dxs,uxuA,argS,glyS,fumA,pheT,glyA,ileS,ilvD,hisI,pykA,lpdA,trpS,purU,sdhA,trpB,eno,cysK,glnB,cysS,acnA,acnB,dapB,putA,hisS,narL,dapD,yidR,tyrS,alaS,pgk,valS,gloA,panC,proS,asnS,kdsB,aroG,aroA,fbaA,pfkA,pfkB,aspC,mdh,gltA,serS,tnaA,accB,pflB,",4.05E-04
Biological process,carboxylic acid metabolic process,GO:0019752,6,3.61E-05,1.599654168,63,410,268,2790,"fabI,aceF,sucC,gpmI,sucA,gapA,gpmA,fabD,aceA,fabB,gltX,tpiA,gcvP,gcvT,gnd,dxs,uxuA,argS,glyS,fumA,pheT,glyA,ileS,ilvD,hisI,pykA,lpdA,trpS,purU,sdhA,trpB,eno,cysK,glnB,cysS,acnA,acnB,dapB,putA,hisS,dapD,yidR,tyrS,alaS,pgk,valS,gloA,panC,proS,asnS,kdsB,aroG,aroA,fbaA,pfkA,pfkB,aspC,mdh,gltA,serS,tnaA,accB,pflB,",4.19E-04
Biological process,translational initiation,GO:0006413,4,3.63E-05,6.072761194,7,12,268,2790,"csrA,infB,infA,infC,rpsD,raiA,yciH,",4.18E-04
Biological process,organophosphate catabolic process,GO:0046434,6,3.65E-05,3.470149254,13,39,268,2790,"gpmI,gapA,gpmA,tpiA,suhB,pykA,eno,pgk,fbaA,pfkA,pfkB,mdh,deoB,",4.17E-04
Biological process,tricarboxylic acid cycle,GO:0006099,4,4.25E-05,5.205223881,8,16,268,2790,"sucC,sucA,fumA,sdhA,acnA,acnB,mdh,gltA,",4.80E-04
Biological process,citrate metabolic process,GO:0006101,8,4.25E-05,5.205223881,8,16,268,2790,"sucC,sucA,fumA,sdhA,acnA,acnB,mdh,gltA,",4.80E-04
Biological process,negative regulation of translation,GO:0017148,11,5.02E-05,4.164179104,10,25,268,2790,"rplT,rplY,rplJ,rplM,csrA,rpsG,rpsA,rpsD,raiA,efp,",5.57E-04
Biological process,negative regulation of amide metabolic process,GO:0034249,7,5.02E-05,4.164179104,10,25,268,2790,"rplT,rplY,rplJ,rplM,csrA,rpsG,rpsA,rpsD,raiA,efp,",5.57E-04
Biological process,tRNA metabolic process,GO:0006399,9,5.64E-05,2.5391336,20,82,268,2790,"gltX,argS,miaB,glyS,pheT,ileS,iscS,trpS,mnmA,cysS,hisS,tyrS,alaS,truB,valS,proS,asnS,rne,cmoB,serS,",6.15E-04
Biological process,monocarboxylic acid biosynthetic process,GO:0072330,8,6.53E-05,2.765275187,17,64,268,2790,"fabI,gpmI,gapA,gpmA,fabD,fabB,tpiA,pykA,eno,glnB,pgk,panC,fbaA,pfkA,pfkB,mdh,accB,",7.05E-04
Biological process,tricarboxylic acid metabolic process,GO:0072350,7,7.36E-05,4.899034241,8,17,268,2790,"sucC,sucA,fumA,sdhA,acnA,acnB,mdh,gltA,",7.88E-04
Biological process,organic acid metabolic process,GO:0006082,4,8.02E-05,1.553073792,64,429,268,2790,"fabI,aceF,sucC,gpmI,sucA,gapA,gpmA,fabD,aceA,fabB,gltX,tpiA,gcvP,gcvT,gnd,dxs,uxuA,argS,glyS,fumA,pheT,glyA,ileS,ilvD,hisI,pykA,lpdA,trpS,purU,sdhA,trpB,eno,cysK,glnB,cysS,acnA,acnB,dapB,putA,hisS,narL,dapD,yidR,tyrS,alaS,pgk,valS,gloA,panC,proS,asnS,kdsB,aroG,aroA,fbaA,pfkA,pfkB,aspC,mdh,gltA,serS,tnaA,accB,pflB,",8.52E-04
Biological process,negative regulation of macromolecule biosynthetic process,GO:0010558,8,1.06E-04,1.979901108,31,163,268,2790,"arcA,nusA,rplT,rplY,rplJ,cpxR,rplM,hns,pnp,lacI,csrA,deaD,cspA,ompR,rpsJ,rpsG,rpsA,rpsD,putA,narL,alaS,raiA,frmR,fur,rne,rnr,rof,kdgR,crp,efp,seqA,",0.001115163
Biological process,cellular response to toxic substance,GO:0097237,5,1.08E-04,3.578591418,11,32,268,2790,"ahpC,katG,bcp,osmC,gor,ygiW,uspE,tktA,sodC,sodB,trxB,",0.001123561
Biological process,ribosomal large subunit assembly,GO:0000027,8,1.09E-04,3.855721393,10,27,268,2790,"rpmG,rplT,rplW,rplY,rplC,rplB,rplE,srmB,rplF,deaD,",0.00112582
Biological process,ribosomal large subunit biogenesis,GO:0042273,6,1.09E-04,3.855721393,10,27,268,2790,"rpmG,rplT,rplW,rplY,rplC,rplB,rplE,srmB,rplF,deaD,",0.00112582
Biological process,obsolete cellular macromolecule metabolic process,GO:0044260,0,1.18E-04,1.392094759,92,688,268,2790,"msrB,nusA,rpmG,gmhA,rplR,rplU,rplT,sucD,rplN,rplW,rplY,rplC,rplB,rplE,clpP,rplJ,prfA,rplM,rplF,pnp,gltX,dnaJ,rpoB,rpoA,rpoC,deaD,cspA,argS,tig,greA,adk,miaB,glyS,infB,infA,infC,pheT,rpsJ,ileS,rpsI,rpsF,rpsE,rpsG,rpsR,rpsQ,rpsT,ppiA,rpsM,ppiB,rpsP,rpsO,trpS,rpsA,rpsD,rpsC,mnmA,yegP,prlC,rho,fusA,evgS,ycfH,cysS,glmS,glmU,frr,yeiP,hisS,rpsU,rsmG,tyrS,alaS,rfbB,valS,proS,asnS,bepA,kdsB,murD,phoQ,rne,yciH,rnr,mug,tsf,serS,surA,accB,crp,efp,yqgF,galS,",0.00120488
Biological process,negative regulation of cellular biosynthetic process,GO:0031327,7,1.19E-04,1.96782854,31,164,268,2790,"arcA,nusA,rplT,rplY,rplJ,cpxR,rplM,hns,pnp,lacI,csrA,deaD,cspA,ompR,rpsJ,rpsG,rpsA,rpsD,putA,narL,alaS,raiA,frmR,fur,rne,rnr,rof,kdgR,crp,efp,seqA,",0.001205491
Biological process,negative regulation of biosynthetic process,GO:0009890,6,1.19E-04,1.96782854,31,164,268,2790,"arcA,nusA,rplT,rplY,rplJ,cpxR,rplM,hns,pnp,lacI,csrA,deaD,cspA,ompR,rpsJ,rpsG,rpsA,rpsD,putA,narL,alaS,raiA,frmR,fur,rne,rnr,rof,kdgR,crp,efp,seqA,",0.001205491
Biological process,alditol metabolic process,GO:0019400,7,1.41E-04,7.436034115,5,7,268,2790,"tpiA,gatD,mtlD,dhaK,glpK,",0.001399038
Biological process,macromolecule metabolic process,GO:0043170,4,1.68E-04,1.270986633,131,1073,268,2790,"arcA,msrB,nusA,sspA,rpmG,gmhA,rplR,rplU,rplT,sucD,rplN,nfuA,rplW,rplY,rplC,rplB,rplE,srmB,clpP,rplJ,prfA,cpxR,rplM,hns,gpmA,rplF,pnp,fdhE,gltX,dnaK,dnaJ,osmY,rpoB,rpoA,rpoC,lacI,csrA,deaD,cspA,ompR,argS,basR,tig,greA,pepN,adk,miaB,glyS,infB,infA,infC,pheT,hscB,pepD,rpsJ,ileS,rpsI,rpsF,rpsE,rpsG,rpsR,rpsQ,rpsT,iscS,ppiA,iscU,rpsM,ppiB,rpsP,rpsO,trpS,rpsA,rpsD,rpsC,mnmA,yegP,prlC,rho,rbfA,yjdC,fusA,evgS,ycfH,cysS,acnB,glmS,glmU,putA,frr,yeiP,hisS,tktA,rpsU,narL,rsmG,tyrS,alaS,raiA,truB,rfbB,frmR,valS,proS,fkpA,asnS,bepA,kdsB,fur,murD,phoQ,hslO,rne,yciH,ftsH,cmoB,rnr,mug,tsf,serS,surA,rof,accB,uup,htpG,clpB,kdgR,crp,efp,yqgF,galS,seqA,",0.001658725
Biological process,cellular oxidant detoxification,GO:0098869,4,1.93E-04,4.383346426,8,19,268,2790,"ahpC,katG,bcp,osmC,gor,sodC,sodB,trxB,",0.001881851
Biological process,ncRNA metabolic process,GO:0034660,8,1.98E-04,2.098880597,25,124,268,2790,"gltX,argS,miaB,glyS,pheT,ileS,rpsI,iscS,trpS,mnmA,rbfA,cysS,hisS,rsmG,tyrS,alaS,truB,valS,proS,asnS,rne,cmoB,rnr,serS,yqgF,",0.001918775
Biological process,organophosphate metabolic process,GO:0019637,5,1.99E-04,1.810512654,36,207,268,2790,"aceF,gpmI,gapA,gpmA,tpiA,gmk,gnd,dxs,suhB,adk,prs,pykA,lpdA,purU,purA,eno,tmk,glmS,tktA,upp,pgk,atpA,atpD,atpC,rpiA,nuoC,pdxB,fbaA,pfkA,pfkB,dhaK,mdh,deoB,pdxY,pyrG,pyrH,",0.00191366
Biological process,nucleobase-containing compound catabolic process,GO:0034655,6,2.01E-04,2.465632364,18,76,268,2790,"gpmI,gapA,gpmA,pnp,tpiA,deaD,pykA,eno,ycfH,pgk,fbaA,pfkA,pfkB,rne,mdh,rnr,udp,deoB,",0.00191387
Biological process,obsolete coenzyme biosynthetic process,GO:0009108,0,2.03E-04,2.223590784,22,103,268,2790,"fabI,aceF,gpmI,gapA,gpmA,tpiA,dxs,ubiE,pykA,lpdA,purU,eno,menE,menC,pgk,panC,pdxB,fbaA,pfkA,pfkB,mdh,pdxY,",0.001922024
Biological process,polyol metabolic process,GO:0019751,6,2.27E-04,5.678426052,6,11,268,2790,"tpiA,suhB,gatD,mtlD,dhaK,glpK,",0.00213019
Biological process,small molecule biosynthetic process,GO:0044283,4,2.53E-04,1.671750735,44,274,268,2790,"fabI,gpmI,ppsA,gapA,gpmA,fabD,fabB,tpiA,pckA,dxs,ubiE,ribA,glyA,ilvD,hisI,pykA,purU,purA,trpB,eno,cysK,glnB,menE,menC,dapB,upp,dapD,pgk,panC,kdsB,aroG,pdxB,aroA,queF,fbaA,pfkA,pfkB,aspC,mdh,serS,accB,deoB,pdxY,pyrG,",0.002356928
Biological process,nucleobase-containing compound metabolic process,GO:0006139,5,2.56E-04,1.336029509,101,787,268,2790,"arcA,nusA,sspA,aceF,rplT,gpmI,gapA,srmB,cpxR,hns,gpmA,pnp,gltX,dnaK,dnaJ,tpiA,gmk,rpoB,rpoA,rpoC,lacI,csrA,gnd,deaD,cspA,ompR,argS,basR,greA,adk,miaB,glyS,prs,pheT,rpsJ,ileS,rpsI,pykA,iscS,rpsP,rpsO,lpdA,ydfG,trpS,rpsD,purU,purA,mnmA,eno,yegP,prlC,rho,rbfA,yjdC,tmk,ycfH,cysS,glmS,glmU,putA,hisS,tktA,upp,narL,rsmG,tyrS,alaS,pgk,truB,rfbB,frmR,valS,atpA,atpD,atpC,proS,asnS,fur,rpiA,nuoC,queF,fbaA,pfkA,pfkB,rne,mdh,cmoB,rnr,mug,udp,serS,rof,uup,kdgR,deoB,crp,pyrG,pyrH,yqgF,galS,seqA,",0.002366964
Biological process,negative regulation of cellular metabolic process,GO:0031324,6,2.66E-04,1.887274156,31,171,268,2790,"arcA,nusA,rplT,rplY,rplJ,cpxR,rplM,hns,pnp,lacI,csrA,deaD,cspA,ompR,rpsJ,rpsG,rpsA,rpsD,putA,narL,alaS,raiA,frmR,fur,rne,rnr,rof,kdgR,crp,efp,seqA,",0.002445225
Biological process,organophosphate biosynthetic process,GO:0090407,6,3.24E-04,1.943283582,28,150,268,2790,"aceF,gpmI,gapA,gpmA,tpiA,gmk,dxs,adk,prs,pykA,lpdA,purU,purA,eno,tmk,upp,pgk,atpA,atpD,atpC,pdxB,fbaA,pfkA,pfkB,mdh,pdxY,pyrG,pyrH,",0.002955538
Biological process,negative regulation of macromolecule metabolic process,GO:0010605,6,3.31E-04,1.865455957,31,173,268,2790,"arcA,nusA,rplT,rplY,rplJ,cpxR,rplM,hns,pnp,lacI,csrA,deaD,cspA,ompR,rpsJ,rpsG,rpsA,rpsD,putA,narL,alaS,raiA,frmR,fur,rne,rnr,rof,kdgR,crp,efp,seqA,",0.002993271
Biological process,negative regulation of metabolic process,GO:0009892,5,4.09E-04,1.844136461,31,175,268,2790,"arcA,nusA,rplT,rplY,rplJ,cpxR,rplM,hns,pnp,lacI,csrA,deaD,cspA,ompR,rpsJ,rpsG,rpsA,rpsD,putA,narL,alaS,raiA,frmR,fur,rne,rnr,rof,kdgR,crp,efp,seqA,",0.003646476
Biological process,heterocycle catabolic process,GO:0046700,5,4.20E-04,2.164548544,21,101,268,2790,"gpmI,gapA,gpmA,pnp,tpiA,deaD,pykA,ydfG,eno,ycfH,putA,pgk,fbaA,pfkA,pfkB,rne,mdh,rnr,udp,tnaA,deoB,",0.003718228
Biological process,cellular aromatic compound metabolic process,GO:0006725,4,4.30E-04,1.292572373,111,894,268,2790,"arcA,nusA,sspA,aceF,rplT,gpmI,gapA,srmB,cpxR,hns,gpmA,pnp,gltX,dnaK,dnaJ,tpiA,gmk,rpoB,rpoA,rpoC,lacI,csrA,gnd,dxs,deaD,cspA,ompR,argS,basR,greA,adk,miaB,glyS,prs,pheT,rpsJ,ileS,rpsI,hisI,pykA,iscS,rpsP,rpsO,lpdA,ydfG,trpS,rpsD,purU,purA,trpB,mnmA,eno,yegP,prlC,rho,rbfA,yjdC,tmk,ycfH,cysS,glmS,glmU,putA,hisS,tktA,upp,narL,rsmG,tyrS,alaS,pgk,nemA,truB,rfbB,frmR,valS,atpA,atpD,atpC,proS,asnS,fur,rpiA,aroG,nuoC,pdxB,queF,fbaA,pfkA,pfkB,aspC,rne,mdh,cmoB,rnr,mug,udp,serS,yjjX,rof,tnaA,uup,kdgR,deoB,crp,pdxY,pyrG,pyrH,yqgF,galS,seqA,",0.003776266
Biological process,glucose metabolic process,GO:0006006,7,4.37E-04,3.965884861,8,21,268,2790,"ppsA,gpmA,tpiA,csrA,pckA,agp,fbaA,pfkA,",0.003810537
Biological process,negative regulation of protein metabolic process,GO:0051248,7,5.38E-04,3.253264925,10,32,268,2790,"rplT,rplY,rplJ,rplM,csrA,rpsG,rpsA,rpsD,raiA,efp,",0.004659253
Biological process,obsolete cofactor metabolic process,GO:0051186,0,5.66E-04,1.791044776,32,186,268,2790,"fabI,aceF,gpmI,nfuA,gapA,katG,gpmA,tpiA,gnd,dxs,ubiE,pykA,iscS,iscU,lpdA,purU,eno,gshA,menE,menC,tktA,pgk,gloA,panC,fdx,rpiA,pdxB,fbaA,pfkA,pfkB,mdh,pdxY,",0.004865561
Biological process,cellular detoxification,GO:1990748,3,6.30E-04,3.785617368,8,22,268,2790,"ahpC,katG,bcp,osmC,gor,sodC,sodB,trxB,",0.005381228
Biological process,negative regulation of nitrogen compound metabolic process,GO:0051172,6,6.34E-04,1.868541906,28,156,268,2790,"arcA,nusA,rplT,rplY,rplJ,cpxR,rplM,hns,lacI,csrA,deaD,cspA,ompR,rpsJ,rpsG,rpsA,rpsD,putA,narL,alaS,raiA,frmR,fur,rof,kdgR,crp,efp,seqA,",0.005379858
Biological process,response to oxidative stress,GO:0006979,4,6.49E-04,2.197761194,19,90,268,2790,"wrbA,gpmI,ahpC,nfuA,katG,bcp,yggX,osmC,icd,ygiW,uspD,efeO,uspE,lpdA,acnA,tktA,sodC,sodB,hslO,",0.005463991
Biological process,obsolete coenzyme metabolic process,GO:0006732,0,6.91E-04,1.942247717,25,134,268,2790,"fabI,aceF,gpmI,gapA,gpmA,tpiA,gnd,dxs,ubiE,pykA,lpdA,purU,eno,menE,menC,tktA,pgk,panC,rpiA,pdxB,fbaA,pfkA,pfkB,mdh,pdxY,",0.005782267
Biological process,regulation of protein metabolic process,GO:0051246,6,6.99E-04,2.556952082,14,57,268,2790,"rplT,rplY,rplJ,rplM,csrA,deaD,infC,rpsG,rpsA,rpsD,acnB,raiA,valS,efp,",0.005807243
Biological process,monosaccharide biosynthetic process,GO:0046364,6,7.13E-04,4.804822044,6,13,268,2790,"ppsA,gpmA,tpiA,pckA,kdsB,fbaA,",0.005882884
Biological process,hexose biosynthetic process,GO:0019319,7,7.18E-04,5.78358209,5,9,268,2790,"ppsA,gpmA,tpiA,pckA,fbaA,",0.005887206
Biological process,polyol catabolic process,GO:0046174,7,7.18E-04,5.78358209,5,9,268,2790,"tpiA,suhB,gatD,mtlD,glpK,",0.005887206
Biological process,gluconeogenesis,GO:0006094,8,7.18E-04,5.78358209,5,9,268,2790,"ppsA,gpmA,tpiA,pckA,fbaA,",0.005887206
Biological process,heterocycle metabolic process,GO:0046483,4,7.55E-04,1.278068364,110,896,268,2790,"arcA,nusA,sspA,fabI,aceF,rplT,gpmI,gapA,srmB,cpxR,hns,gpmA,pnp,gltX,dnaK,dnaJ,tpiA,gmk,rpoB,rpoA,rpoC,lacI,csrA,gnd,dxs,deaD,cspA,ompR,argS,basR,greA,ribA,adk,miaB,glyS,prs,pheT,rpsJ,ileS,rpsI,hisI,pykA,iscS,rpsP,rpsO,lpdA,ydfG,trpS,rpsD,purU,purA,trpB,mnmA,eno,yegP,prlC,rho,rbfA,yjdC,tmk,ycfH,cysS,glmS,glmU,putA,hisS,tktA,upp,narL,rsmG,tyrS,alaS,pgk,truB,rfbB,frmR,valS,atpA,atpD,atpC,proS,asnS,fur,rpiA,nuoC,pdxB,queF,fbaA,pfkA,pfkB,rne,mdh,cmoB,rnr,mug,udp,serS,yjjX,rof,tnaA,uup,kdgR,deoB,crp,pdxY,pyrG,pyrH,yqgF,galS,seqA,",0.006068543
Biological process,negative regulation of gene expression,GO:0010629,9,8.46E-04,1.861470792,27,151,268,2790,"arcA,rplT,rplY,rplJ,cpxR,rplM,hns,pnp,lacI,csrA,deaD,cspA,ompR,rpsG,rpsA,rpsD,putA,narL,alaS,raiA,frmR,fur,rne,rnr,kdgR,crp,efp,",0.006747515
Biological process,protein-containing complex disassembly,GO:0032984,6,8.87E-04,3.621025308,8,23,268,2790,"nusA,prfA,cspA,infC,rpsJ,rpsD,frr,rof,",0.007033702
Biological process,cellular component disassembly,GO:0022411,5,8.87E-04,3.621025308,8,23,268,2790,"nusA,prfA,cspA,infC,rpsJ,rpsD,frr,rof,",0.007033702
Biological process,organic cyclic compound metabolic process,GO:1901360,4,9.29E-04,1.264925373,113,930,268,2790,"arcA,nusA,sspA,fabI,aceF,rplT,gpmI,gapA,srmB,cpxR,hns,gpmA,pnp,gltX,dnaK,dnaJ,tpiA,gmk,rpoB,rpoA,rpoC,lacI,csrA,gnd,dxs,deaD,cspA,ompR,argS,basR,greA,ribA,adk,miaB,glyS,prs,pheT,rpsJ,ileS,rpsI,hisI,pykA,iscS,rpsP,rpsO,lpdA,ydfG,trpS,rpsD,purU,purA,trpB,mnmA,eno,yegP,prlC,rho,rbfA,yjdC,tmk,ycfH,cysS,glmS,glmU,putA,hisS,tktA,upp,narL,rsmG,tyrS,alaS,pgk,nemA,truB,rfbB,frmR,valS,atpA,atpD,atpC,proS,asnS,fur,rpiA,aroG,nuoC,pdxB,queF,fbaA,pfkA,pfkB,aspC,rne,mdh,cmoB,rnr,mug,udp,serS,yjjX,rof,tnaA,uup,kdgR,deoB,crp,pdxY,pyrG,pyrH,yqgF,galS,seqA,",0.007273409
Biological process,protein folding,GO:0006457,3,0.001179655,2.974413646,10,35,268,2790,"dnaK,dnaJ,osmY,tig,hscB,fkpA,bepA,hslO,surA,htpG,",0.008946329
Biological process,cellular nitrogen compound catabolic process,GO:0044270,5,0.001214653,2.005682596,21,109,268,2790,"hmp,gpmI,gapA,gpmA,pnp,tpiA,deaD,pykA,ydfG,eno,ycfH,pgk,fbaA,pfkA,pfkB,rne,mdh,rnr,udp,tnaA,deoB,",0.009154883
Biological process,DNA-templated transcription termination,GO:0006353,9,0.00176157,4.164179104,6,15,268,2790,"nusA,cspA,rpsJ,rpsD,rho,rof,",0.013195561
Biological process,nucleobase-containing compound biosynthetic process,GO:0034654,6,0.001924112,1.413182954,60,442,268,2790,"arcA,nusA,sspA,aceF,rplT,gpmI,gapA,cpxR,hns,gpmA,dnaK,dnaJ,tpiA,gmk,rpoB,rpoA,rpoC,lacI,cspA,ompR,basR,greA,adk,prs,rpsJ,pykA,lpdA,rpsD,purU,purA,eno,rho,yjdC,tmk,glmS,glmU,putA,tktA,upp,narL,alaS,pgk,rfbB,frmR,atpA,atpD,atpC,fur,queF,fbaA,pfkA,pfkB,mdh,rof,kdgR,deoB,crp,pyrG,pyrH,galS,",0.014325248
Biological process,obsolete negative regulation of cellular macromolecule biosynthetic process,GO:2000113,0,0.002204196,1.823728075,24,137,268,2790,"arcA,rplT,rplY,rplJ,cpxR,rplM,hns,lacI,csrA,cspA,ompR,rpsG,rpsA,rpsD,putA,narL,alaS,raiA,frmR,fur,kdgR,crp,efp,seqA,",0.016311047
Biological process,membrane assembly,GO:0071709,6,0.002239742,4.73202171,5,11,268,2790,"bepA,surA,bamE,bamC,bamA,",0.016474247
Biological process,cell envelope organization,GO:0043163,6,0.002239742,4.73202171,5,11,268,2790,"bepA,surA,bamE,bamC,bamA,",0.016474247
Biological process,Gram-negative-bacterium-type cell outer membrane assembly,GO:0043165,7,0.002239742,4.73202171,5,11,268,2790,"bepA,surA,bamE,bamC,bamA,",0.016474247
Biological process,negative regulation of protein-containing complex disassembly,GO:0043242,7,0.002239742,4.73202171,5,11,268,2790,"nusA,cspA,rpsJ,rpsD,rof,",0.016474247
Biological process,transcription antitermination,GO:0031564,12,0.002239742,4.73202171,5,11,268,2790,"nusA,cspA,rpsJ,rpsD,rof,",0.016474247
Biological process,membrane biogenesis,GO:0044091,5,0.002239742,4.73202171,5,11,268,2790,"bepA,surA,bamE,bamC,bamA,",0.016474247
Biological process,negative regulation of termination of DNA-templated transcription,GO:0060567,11,0.002239742,4.73202171,5,11,268,2790,"nusA,cspA,rpsJ,rpsD,rof,",0.016474247
Biological process,aerobic respiration,GO:0009060,7,0.00223997,2.60261194,11,44,268,2790,"sucC,sucA,fumA,sdhA,acnA,acnB,cydB,nuoC,nuoB,mdh,gltA,",0.015809269
Biological process,carbohydrate derivative biosynthetic process,GO:1901137,5,0.002269263,1.688180718,30,185,268,2790,"aceF,gmhA,gpmI,gapA,gpmA,tpiA,adk,prs,pykA,lpdA,purU,purA,eno,tmk,glmS,glmU,upp,pgk,rfbB,atpA,atpD,atpC,kdsB,murD,queF,fbaA,pfkA,pfkB,mdh,pyrG,",0.015923966
Biological process,carboxylic acid biosynthetic process,GO:0046394,7,0.002473579,1.679104478,30,186,268,2790,"fabI,gpmI,gapA,gpmA,fabD,fabB,tpiA,glyA,ilvD,hisI,pykA,purU,trpB,eno,cysK,glnB,dapB,dapD,pgk,panC,kdsB,aroG,aroA,fbaA,pfkA,pfkB,aspC,mdh,serS,accB,",0.017258511
Biological process,organic acid biosynthetic process,GO:0016053,5,0.002473579,1.679104478,30,186,268,2790,"fabI,gpmI,gapA,gpmA,fabD,fabB,tpiA,glyA,ilvD,hisI,pykA,purU,trpB,eno,cysK,glnB,dapB,dapD,pgk,panC,kdsB,aroG,aroA,fbaA,pfkA,pfkB,aspC,mdh,serS,accB,",0.017258511
Biological process,cellular response to reactive oxygen species,GO:0034614,7,0.002594536,3.90391791,6,16,268,2790,"katG,ygiW,uspE,tktA,sodC,sodB,",0.017897898
Biological process,aromatic compound catabolic process,GO:0019439,5,0.002611454,1.927860697,20,108,268,2790,"gpmI,gapA,gpmA,pnp,tpiA,deaD,pykA,eno,ycfH,pgk,nemA,fbaA,pfkA,pfkB,rne,mdh,rnr,udp,tnaA,deoB,",0.017913398
Biological process,phosphorylation,GO:0016310,6,0.002734157,1.770484313,25,147,268,2790,"gpmI,sucD,ppsA,gapA,gpmA,tpiA,gmk,adk,pykA,eno,evgS,tmk,upp,pgk,nuoC,phoQ,fbaA,pfkA,pfkB,dhaL,dhaK,glpK,mdh,pdxY,pyrH,",0.018650311
Biological process,organic cyclic compound catabolic process,GO:1901361,5,0.002845086,1.847014925,22,124,268,2790,"gpmI,gapA,gpmA,pnp,tpiA,deaD,pykA,ydfG,eno,ycfH,putA,pgk,nemA,fbaA,pfkA,pfkB,rne,mdh,rnr,udp,tnaA,deoB,",0.019299167
Biological process,obsolete cofactor biosynthetic process,GO:0051188,0,0.003230782,1.800302996,23,133,268,2790,"fabI,aceF,gpmI,gapA,gpmA,tpiA,dxs,ubiE,pykA,lpdA,purU,eno,gshA,menE,menC,pgk,panC,pdxB,fbaA,pfkA,pfkB,mdh,pdxY,",0.021794389
Biological process,negative regulation of cellular process,GO:0048523,5,0.003386529,1.629918589,31,198,268,2790,"arcA,nusA,rplT,rplY,rplJ,cpxR,rplM,hns,pnp,lacI,csrA,deaD,cspA,ompR,rpsJ,rpsG,rpsA,rpsD,putA,narL,alaS,raiA,frmR,fur,rne,rnr,rof,kdgR,crp,efp,seqA,",0.022595369
Biological process,aromatic compound biosynthetic process,GO:0019438,5,0.003430732,1.349129594,67,517,268,2790,"arcA,nusA,sspA,aceF,rplT,gpmI,gapA,cpxR,hns,gpmA,dnaK,dnaJ,tpiA,gmk,rpoB,rpoA,rpoC,lacI,dxs,cspA,ompR,basR,greA,adk,prs,rpsJ,hisI,pykA,lpdA,rpsD,purU,purA,trpB,eno,rho,yjdC,tmk,glmS,glmU,putA,tktA,upp,narL,alaS,pgk,rfbB,frmR,atpA,atpD,atpC,fur,aroG,pdxB,queF,fbaA,pfkA,pfkB,aspC,mdh,rof,kdgR,deoB,crp,pdxY,pyrG,pyrH,galS,",0.02276589
Biological process,amino acid metabolic process,GO:0006520,7,0.004062081,1.626632463,30,192,268,2790,"gltX,gcvP,gcvT,argS,glyS,pheT,glyA,ileS,ilvD,hisI,lpdA,trpS,trpB,cysK,cysS,dapB,putA,hisS,dapD,tyrS,alaS,valS,panC,proS,asnS,aroG,aspC,serS,tnaA,pflB,",0.026809732
Biological process,obsolete oxidation-reduction process,GO:0055114,0,0.005095136,1.404584222,51,378,268,2790,"msrB,hmp,fabI,wrbA,aceE,sucC,sucA,ahpC,frdA,gapA,katG,fdhE,dnaJ,yghU,gcvP,bcp,gnd,osmC,icd,gor,gatD,ygiN,fumA,grxB,grxC,lpdA,ydfG,sdhA,dsbC,cysH,mtlD,acnA,acnB,dapB,maeB,putA,nirB,nemA,cydB,fdx,nuoC,nuoB,pdxB,sodC,sodB,queF,dkgA,mdh,gltA,yahK,trxB,",0.032571525
Biological process,response to cold,GO:0009409,5,0.005099138,3.470149254,6,18,268,2790,"deaD,cspA,infC,rbfA,raiA,rnr,",0.03242733
Biological process,regulation of protein-containing complex disassembly,GO:0043244,6,0.005309239,4.00401837,5,13,268,2790,"nusA,cspA,rpsJ,rpsD,rof,",0.033588501
Biological process,translational elongation,GO:0006414,6,0.005309239,4.00401837,5,13,268,2790,"fusA,yeiP,raiA,tsf,efp,",0.033588501
Biological process,regulation of termination of DNA-templated transcription,GO:0031554,9,0.005309239,4.00401837,5,13,268,2790,"nusA,cspA,rpsJ,rpsD,rof,",0.033588501
Biological process,glyceraldehyde-3-phosphate metabolic process,GO:0019682,6,0.005309239,4.00401837,5,13,268,2790,"tpiA,gnd,dxs,tktA,rpiA,",0.033588501
Biological process,protein maturation,GO:0051604,6,0.005578264,2.082089552,14,70,268,2790,"nfuA,fdhE,dnaK,dnaJ,osmY,tig,hscB,iscU,prlC,fkpA,bepA,hslO,surA,htpG,",0.03457391
Biological process,heterocycle biosynthetic process,GO:0018130,5,0.006602235,1.310945274,68,540,268,2790,"arcA,nusA,sspA,fabI,aceF,rplT,gpmI,gapA,cpxR,hns,gpmA,dnaK,dnaJ,tpiA,gmk,rpoB,rpoA,rpoC,lacI,dxs,cspA,ompR,basR,greA,ribA,adk,prs,rpsJ,hisI,pykA,iscS,lpdA,rpsD,purU,purA,trpB,eno,rho,yjdC,tmk,glmS,glmU,putA,tktA,upp,narL,alaS,pgk,rfbB,frmR,atpA,atpD,atpC,fur,pdxB,queF,fbaA,pfkA,pfkB,mdh,rof,kdgR,deoB,crp,pdxY,pyrG,pyrH,galS,",0.040713785
Biological process,organic cyclic compound biosynthetic process,GO:1901362,5,0.007092562,1.303667687,69,551,268,2790,"arcA,nusA,sspA,fabI,aceF,rplT,gpmI,gapA,cpxR,hns,gpmA,dnaK,dnaJ,tpiA,gmk,rpoB,rpoA,rpoC,lacI,dxs,cspA,ompR,basR,greA,ribA,adk,prs,rpsJ,hisI,pykA,lpdA,rpsD,purU,purA,trpB,eno,rho,yjdC,tmk,glmS,glmU,putA,tktA,upp,narL,alaS,pgk,rfbB,frmR,atpA,atpD,atpC,fur,aroG,pdxB,queF,fbaA,pfkA,pfkB,aspC,mdh,rof,kdgR,deoB,crp,pdxY,pyrG,pyrH,galS,",0.043517677
Biological process,negative regulation of biological process,GO:0048519,4,0.007211878,1.551557118,31,208,268,2790,"arcA,nusA,rplT,rplY,rplJ,cpxR,rplM,hns,pnp,lacI,csrA,deaD,cspA,ompR,rpsJ,rpsG,rpsA,rpsD,putA,narL,alaS,raiA,frmR,fur,rne,rnr,rof,kdgR,crp,efp,seqA,",0.04359259
Biological process,mRNA metabolic process,GO:0016071,8,0.007354519,2.914925373,7,25,268,2790,"pnp,csrA,deaD,rpsO,truB,rne,rnr,",0.044235802
Biological process,cellular response to oxidative stress,GO:0034599,6,0.007354519,2.914925373,7,25,268,2790,"katG,yggX,ygiW,uspE,tktA,sodC,sodB,",0.044235802
Biological process,cellular aldehyde metabolic process,GO:0006081,4,0.007600311,2.153885744,12,58,268,2790,"aceA,tpiA,gnd,dxs,acnA,acnB,tktA,gloA,rpiA,pdxB,dkgA,pdxY,",0.043980948
Biological process,neurotransmitter catabolic process,GO:0042135,5,0.007620836,3.718017058,5,14,268,2790,"hmp,gcvP,gcvT,glyA,lpdA,",0.043891705
Biological process,cellular response to stimulus,GO:0051716,3,0.008847363,1.279398462,73,594,268,2790,"arcA,hmp,fabI,sucC,gpmI,sucA,ahpC,nfuA,frdA,gapA,katG,gpmA,yfbU,dnaK,tpiA,gcvP,gcvT,bcp,dxs,yggX,deaD,rbsA,osmC,ompR,uxuA,suhB,gor,basR,ribA,ygiW,fumA,glyA,uspE,pykA,lpdA,ydfG,sdhA,purA,eno,yegP,gshA,rbfA,evgS,copA,acnA,acnB,tktA,pgk,nemA,atpA,atpD,atpC,nuoC,pdxB,sodC,phoQ,sodB,fbaA,pfkA,pfkB,dhaK,aspC,glpK,mdh,mug,udp,gltA,yjjX,htpG,deoB,crp,pdxY,trxB,",0.050716572
Biological process,response to temperature stimulus,GO:0009266,4,0.009829021,1.9043502,15,82,268,2790,"clpP,pnp,dnaK,dnaJ,deaD,cspA,tig,ibpA,infC,rbfA,raiA,hslO,rnr,htpG,clpB,",0.053817196
Biological process,response to chemical,GO:0042221,3,0.011122144,1.296242523,64,514,268,2790,"hmp,rpmG,fabI,sucC,gpmI,sucA,ahpC,gapA,katG,gpmA,dnaK,tpiA,gcvP,gcvT,bcp,dxs,yggX,rbsB,artI,osmC,gor,basR,ribA,ygiW,fumA,glyA,uspD,efeO,uspE,rpsQ,pykA,lpdA,ydfG,sdhA,purA,eno,gshA,copA,tolQ,acnA,acnB,tktA,pgk,nemA,atpA,atpD,atpC,nuoC,pdxB,sodC,sodB,fbaA,pfkA,pfkB,acrA,aspC,mdh,gltA,yjjX,clpB,bamE,crp,pdxY,trxB,",0.060089103
Biological process,cellular catabolic process,GO:0044248,4,0.012935765,1.385911002,43,323,268,2790,"hmp,gpmI,gapA,katG,clpP,gpmA,pnp,tpiA,gcvP,gcvT,gnd,deaD,uxuA,gatD,pepN,glyA,pepD,pykA,lpdA,ydfG,eno,mtlD,ycfH,acnB,putA,yidR,pgk,nemA,gloA,bepA,fbaA,pfkA,pfkB,dhaK,rne,dkgA,glpK,mdh,rnr,udp,tnaA,deoB,pflB,",0.069579599
Biological process,carbohydrate catabolic process,GO:0016052,5,0.012940805,1.705159547,19,116,268,2790,"gpmI,gapA,gpmA,tpiA,gnd,uxuA,gatD,pykA,eno,agp,mtlD,yidR,pgk,fbaA,pfkA,pfkB,dhaK,glpK,mdh,",0.069301417
Biological process,response to xenobiotic stimulus,GO:0009410,4,0.014307413,1.371436232,44,334,268,2790,"hmp,fabI,sucC,gpmI,sucA,gapA,katG,gpmA,tpiA,gcvP,gcvT,dxs,artI,ribA,ygiW,fumA,glyA,uspE,pykA,lpdA,ydfG,sdhA,purA,eno,tolQ,acnA,acnB,tktA,pgk,nemA,atpA,atpD,atpC,nuoC,pdxB,fbaA,pfkA,pfkB,acrA,aspC,mdh,gltA,yjjX,pdxY,",0.075624895
Biological process,membrane organization,GO:0061024,5,0.014760405,2.839213026,6,22,268,2790,"secY,bepA,surA,bamE,bamC,bamA,",0.077682992
Biological process,chaperone-mediated protein folding,GO:0061077,4,0.014760405,2.839213026,6,22,268,2790,"dnaK,dnaJ,osmY,tig,bepA,surA,",0.077682992
Biological process,carbohydrate derivative metabolic process,GO:1901135,4,0.015209472,1.400025733,39,290,268,2790,"aceF,gmhA,gpmI,gapA,gpmA,tpiA,gmk,gnd,dxs,adk,prs,pykA,lpdA,purU,purA,eno,tmk,glmS,glmU,tktA,upp,pgk,rfbB,atpA,atpD,atpC,kdsB,rpiA,nuoC,murD,queF,fbaA,pfkA,pfkB,dhaK,mdh,udp,deoB,pyrG,",0.079362246
Biological process,RNA metabolic process,GO:0016070,7,0.015514174,1.290551375,60,484,268,2790,"arcA,nusA,sspA,rplT,srmB,cpxR,hns,pnp,gltX,dnaK,dnaJ,rpoB,rpoA,rpoC,lacI,csrA,deaD,cspA,ompR,argS,basR,greA,adk,miaB,glyS,pheT,rpsJ,ileS,rpsI,iscS,rpsO,trpS,rpsD,mnmA,rho,rbfA,yjdC,cysS,putA,hisS,tktA,narL,rsmG,tyrS,alaS,truB,frmR,valS,proS,asnS,fur,rne,cmoB,rnr,serS,rof,kdgR,crp,yqgF,galS,",0.080607686
Biological process,response to toxic substance,GO:0009636,4,0.017511937,1.879664179,13,72,268,2790,"ahpC,katG,bcp,osmC,gor,ygiW,efeO,uspE,copA,tktA,sodC,sodB,trxB,",0.089840652
Biological process,monocarboxylic acid metabolic process,GO:0032787,7,0.017836889,1.503112778,27,187,268,2790,"fabI,aceF,gpmI,gapA,gpmA,fabD,aceA,fabB,tpiA,gnd,dxs,uxuA,pykA,lpdA,eno,glnB,acnA,acnB,yidR,pgk,gloA,panC,fbaA,pfkA,pfkB,mdh,accB,",0.091124862
Biological process,regulation of cellular biosynthetic process,GO:0031326,6,0.01850562,1.35651289,43,330,268,2790,"arcA,nusA,sspA,rplT,rplY,rplJ,cpxR,rplM,hns,pnp,dnaK,dnaJ,lacI,csrA,deaD,cspA,ompR,basR,greA,infC,rpsJ,rpsG,rpsA,rpsD,yjdC,glnB,acnB,putA,tktA,narL,alaS,raiA,frmR,valS,fur,rne,rnr,rof,kdgR,crp,efp,galS,seqA,",0.094147341
Biological process,regulation of biosynthetic process,GO:0009889,5,0.01850562,1.35651289,43,330,268,2790,"arcA,nusA,sspA,rplT,rplY,rplJ,cpxR,rplM,hns,pnp,dnaK,dnaJ,lacI,csrA,deaD,cspA,ompR,basR,greA,infC,rpsJ,rpsG,rpsA,rpsD,yjdC,glnB,acnB,putA,tktA,narL,alaS,raiA,frmR,valS,fur,rne,rnr,rof,kdgR,crp,efp,galS,seqA,",0.094147341
Biological process,external encapsulating structure organization,GO:0045229,5,0.018531435,3.0618964,5,17,268,2790,"bepA,surA,bamE,bamC,bamA,",0.093499511
Biological process,alcohol catabolic process,GO:0046164,6,0.018531435,3.0618964,5,17,268,2790,"tpiA,suhB,gatD,mtlD,glpK,",0.093499511
Biological process,neurotransmitter metabolic process,GO:0042133,4,0.018531435,3.0618964,5,17,268,2790,"hmp,gcvP,gcvT,glyA,lpdA,",0.093499511
Biological process,regulation of neurotransmitter levels,GO:0001505,4,0.018531435,3.0618964,5,17,268,2790,"hmp,gcvP,gcvT,glyA,lpdA,",0.093499511
Biological process,cellular process,GO:0009987,2,0.019433401,1.039394943,252,2524,268,2790,"minE,arcA,msrB,nusA,sspA,hmp,rpmG,fabI,wrbA,aceF,gmhA,rplR,rplU,rplT,sucC,gpmI,sucD,rplN,sucA,ahpC,nfuA,frdA,ppsA,gapA,katG,rplW,secY,rplY,rplC,rplB,rplE,srmB,clpP,rplJ,prfA,cpxR,rplM,hns,gpmA,rplF,fabD,pnp,aceA,fabB,fdhE,yfbU,gltX,dnaK,dnaJ,tpiA,osmY,gmk,rpoB,rpoA,gcvP,rpoC,lacI,gcvT,bcp,csrA,gnd,dxs,yggX,rbsB,deaD,artI,rbsA,osmC,cspA,ompR,uxuA,ubiE,suhB,icd,gor,argS,basR,tig,greA,gatD,ribA,ygiW,pepN,adk,miaB,glyS,infB,prs,infA,infC,fumA,pheT,potD,hscB,glyA,pepD,rpsJ,ileS,ilvD,rpsI,rpsF,efeO,rpsE,uspE,hisI,rpsG,rpsR,rpsQ,rpsT,pykA,iscS,ppiA,iscU,rpsM,ppiB,rpsP,cpoB,rpsO,lpdA,ydfG,trpS,rpsA,rpsD,rpsC,purU,sdhA,purA,trpB,mnmA,eno,yegP,prlC,gshA,rho,rbfA,cysK,zapA,cysH,tomB,yjdC,glnB,agp,mtlD,fusA,yrdA,evgS,copA,tmk,ycfH,putP,tolQ,cysS,acnA,acnB,glmS,menE,glmU,menC,dapB,putA,frr,yeiP,hisS,tktA,upp,rpsU,nirB,narL,dapD,yidR,maa,tatB,rsmG,tyrS,alaS,raiA,pgk,nemA,truB,rfbB,frmR,valS,gloA,atpA,atpD,atpC,panC,proS,fkpA,cydB,asnS,bepA,kdsB,fdx,proX,fur,rpiA,aroG,nuoC,nuoB,murD,pdxB,sodC,aroA,phoQ,sodB,queF,fbaA,yifE,pfkA,pfkB,acrA,hslO,dhaL,dhaK,ftsZ,aspC,rne,dkgA,glpK,mdh,yciH,cmoB,rnr,gntT,mug,udp,gltA,tsf,serS,yjjX,surA,rof,tnaA,accB,uup,htpG,kdgR,bamE,deoB,bamC,bamA,crp,pdxY,pyrG,pyrH,efp,yqgF,galS,seqA,pflB,trxB,",0.096456029
Biological process,cellular respiration,GO:0045333,6,0.02006412,1.79933665,14,81,268,2790,"sucC,sucA,frdA,fdhE,fumA,sdhA,acnA,acnB,nirB,cydB,nuoC,nuoB,mdh,gltA,",0.099183363
Biological process,detoxification,GO:0098754,2,0.024424387,2.082089552,9,45,268,2790,"ahpC,katG,bcp,osmC,gor,copA,sodC,sodB,trxB,",0.117410142
Biological process,regulation of macromolecule biosynthetic process,GO:0010556,7,0.024935713,1.337121731,42,327,268,2790,"arcA,nusA,sspA,rplT,rplY,rplJ,cpxR,rplM,hns,pnp,dnaK,dnaJ,lacI,csrA,deaD,cspA,ompR,basR,greA,infC,rpsJ,rpsG,rpsA,rpsD,yjdC,acnB,putA,tktA,narL,alaS,raiA,frmR,valS,fur,rne,rnr,rof,kdgR,crp,efp,galS,seqA,",0.119398062
Biological process,protein tetramerization,GO:0051262,8,0.027902355,2.036826736,9,46,268,2790,"fabI,wrbA,pykA,menE,pfkA,rne,cmoB,tnaA,seqA,",0.127598412
Biological process,protein homotetramerization,GO:0051289,9,0.027902355,2.036826736,9,46,268,2790,"fabI,wrbA,pykA,menE,pfkA,rne,cmoB,tnaA,seqA,",0.127598412
Biological process,cellular response to chemical stress,GO:0062197,5,0.028750808,2.135476464,8,39,268,2790,"hmp,katG,yggX,ygiW,uspE,tktA,sodC,sodB,",0.130500882
Biological process,monosaccharide metabolic process,GO:0005996,5,0.029493016,1.714661984,14,85,268,2790,"ppsA,gpmA,tpiA,csrA,pckA,rbsA,uxuA,agp,yidR,kdsB,rpiA,fbaA,pfkA,dhaK,",0.133373973
Biological process,phosphate-containing compound metabolic process,GO:0006796,5,0.029687324,1.316615452,43,340,268,2790,"aceF,gpmI,sucD,ppsA,gapA,gpmA,tpiA,gmk,gnd,dxs,suhB,adk,prs,pykA,lpdA,purU,purA,eno,agp,evgS,tmk,glmS,tktA,upp,pgk,atpA,atpD,atpC,rpiA,nuoC,pdxB,phoQ,fbaA,pfkA,pfkB,dhaL,dhaK,glpK,mdh,deoB,pdxY,pyrG,pyrH,",0.133757277
Biological process,organic hydroxy compound catabolic process,GO:1901616,5,0.029709839,2.739591516,5,19,268,2790,"tpiA,suhB,gatD,mtlD,glpK,",0.133366593
Biological process,protein homooligomerization,GO:0051260,8,0.032033361,1.784648188,12,70,268,2790,"fabI,wrbA,pykA,cpoB,yrdA,menE,maa,pfkA,rne,cmoB,tnaA,seqA,",0.143270088
Biological process,regulation of cellular metabolic process,GO:0031323,5,0.03300894,1.297701244,45,361,268,2790,"arcA,nusA,sspA,rplT,rplY,rplJ,cpxR,rplM,hns,gpmA,pnp,dnaK,dnaJ,lacI,csrA,deaD,cspA,ompR,basR,greA,infC,rpsJ,rpsG,rpsA,rpsD,yjdC,glnB,acnB,putA,tktA,narL,alaS,raiA,frmR,valS,fur,rne,rnr,rof,uup,kdgR,crp,efp,galS,seqA,",0.147094583
Biological process,regulation of macromolecule metabolic process,GO:0060255,5,0.033470985,1.30130597,44,352,268,2790,"arcA,nusA,sspA,rplT,rplY,rplJ,cpxR,rplM,hns,gpmA,pnp,dnaK,dnaJ,lacI,csrA,deaD,cspA,ompR,basR,greA,infC,rpsJ,rpsG,rpsA,rpsD,yjdC,acnB,putA,tktA,narL,alaS,raiA,frmR,valS,fur,rne,rnr,rof,uup,kdgR,crp,efp,galS,seqA,",0.148611175
Biological process,negative regulation of nucleobase-containing compound metabolic process,GO:0045934,7,0.033857531,1.54530084,19,128,268,2790,"arcA,nusA,cpxR,hns,lacI,deaD,cspA,ompR,rpsJ,rpsD,putA,narL,alaS,frmR,fur,rof,kdgR,crp,seqA,",0.149782773
Biological process,regulation of gene expression,GO:0010468,8,0.037193491,1.318206048,39,308,268,2790,"arcA,nusA,sspA,rplT,rplY,rplJ,cpxR,rplM,hns,pnp,lacI,csrA,deaD,cspA,ompR,basR,greA,infC,rpsJ,rpsG,rpsA,rpsD,yjdC,acnB,putA,tktA,narL,alaS,raiA,frmR,valS,fur,rne,rnr,rof,kdgR,crp,efp,galS,",0.162771513
Biological process,protein complex oligomerization,GO:0051259,7,0.038857457,1.691697761,13,80,268,2790,"fabI,wrbA,pykA,cpoB,yrdA,menE,maa,pfkA,rne,cmoB,udp,tnaA,seqA,",0.16824452
Biological process,response to reactive oxygen species,GO:0000302,5,0.039030813,2.14332748,7,34,268,2790,"katG,ygiW,uspD,uspE,tktA,sodC,sodB,",0.16839796
Biological process,carbohydrate metabolic process,GO:0005975,4,0.039214788,1.359731952,32,245,268,2790,"gmhA,gpmI,ppsA,gapA,gpmA,aceA,tpiA,csrA,gnd,pckA,rbsA,uxuA,suhB,gatD,pykA,eno,agp,mtlD,acnA,acnB,glmU,yidR,pgk,rfbB,kdsB,rpiA,fbaA,pfkA,pfkB,dhaK,glpK,mdh,",0.168595971
Biological process,obsolete regulation of cellular macromolecule biosynthetic process,GO:2000112,0,0.039732293,1.323665179,37,291,268,2790,"arcA,nusA,sspA,rplT,rplY,rplJ,cpxR,rplM,hns,lacI,csrA,deaD,cspA,ompR,basR,greA,infC,rpsJ,rpsG,rpsA,rpsD,yjdC,acnB,putA,tktA,narL,alaS,raiA,frmR,valS,fur,rof,kdgR,crp,efp,galS,seqA,",0.170221508
Biological process,phosphorus metabolic process,GO:0006793,4,0.041366399,1.283080396,44,357,268,2790,"aceF,gpmI,sucD,ppsA,gapA,gpmA,tpiA,gmk,gnd,dxs,suhB,adk,prs,pykA,lpdA,purU,purA,eno,agp,evgS,tmk,glmS,glmU,tktA,upp,pgk,atpA,atpD,atpC,rpiA,nuoC,pdxB,phoQ,fbaA,pfkA,pfkB,dhaL,dhaK,glpK,mdh,deoB,pdxY,pyrG,pyrH,",0.176602702
Biological process,alcohol metabolic process,GO:0006066,5,0.04294528,1.982942431,8,42,268,2790,"tpiA,dxs,suhB,gatD,mtlD,dhaK,glpK,yjjX,",0.182704484
Biological process,negative regulation of RNA metabolic process,GO:0051253,8,0.043349372,1.52348016,18,123,268,2790,"arcA,nusA,cpxR,hns,lacI,deaD,cspA,ompR,rpsJ,rpsD,putA,narL,alaS,frmR,fur,rof,kdgR,crp,",0.183783275
Biological process,regulation of metabolic process,GO:0019222,4,0.044167707,1.27301671,45,368,268,2790,"arcA,nusA,sspA,rplT,rplY,rplJ,cpxR,rplM,hns,gpmA,pnp,dnaK,dnaJ,lacI,csrA,deaD,cspA,ompR,basR,greA,infC,rpsJ,rpsG,rpsA,rpsD,yjdC,glnB,acnB,putA,tktA,narL,alaS,raiA,frmR,valS,fur,rne,rnr,rof,uup,kdgR,crp,efp,galS,seqA,",0.186604741
Biological process,regulation of primary metabolic process,GO:0080090,5,0.044450042,1.285996488,42,340,268,2790,"arcA,nusA,sspA,rplT,rplY,rplJ,cpxR,rplM,hns,gpmA,dnaK,dnaJ,lacI,csrA,deaD,cspA,ompR,basR,greA,infC,rpsJ,rpsG,rpsA,rpsD,yjdC,glnB,acnB,putA,tktA,narL,alaS,raiA,frmR,valS,fur,rof,uup,kdgR,crp,efp,galS,seqA,",0.187150005
Biological process,regulation of nitrogen compound metabolic process,GO:0051171,5,0.049023492,1.281766841,41,333,268,2790,"arcA,nusA,sspA,rplT,rplY,rplJ,cpxR,rplM,hns,gpmA,dnaK,dnaJ,lacI,csrA,deaD,cspA,ompR,basR,greA,infC,rpsJ,rpsG,rpsA,rpsD,yjdC,acnB,putA,tktA,narL,alaS,raiA,frmR,valS,fur,rof,uup,kdgR,crp,efp,galS,seqA,",0.190024394
